<?xml version="1.0" encoding="UTF-8"?>
<testResults version="1.2">
<sample t="1782" it="0" lt="0" ct="0" ts="1529513574333" s="true" lb="MARS Excel to CSV" rc="0" rm="OK" tn="MARS Excel to CSV Converter 1-1" dt="text" de="" by="228" sby="0" sc="1" ec="0" ng="1" na="1" hn="TV_LAPTOP">
  <responseHeader class="java.lang.String"></responseHeader>
  <requestHeader class="java.lang.String"></requestHeader>
  <responseData class="java.lang.String">xls2CsvConv&#xd;
C:\Users\tatai\Dropbox\Career\Skills\Jmeter_Frameworks\bin\MARS_Test_Data_Input.xlsx&#xd;
C:\Users\tatai\Dropbox\Career\Skills\Jmeter_Frameworks\bin\MARS_Mongo\mongoInput.csv&#xd;
SqlVsMql&#xd;
;&#xd;
Excel sheet converted to CSV&#xd;
</responseData>
  <responseFile class="java.lang.String"></responseFile>
  <samplerData class="java.lang.String">Working Directory: C:\Users\tatai\OneDrive\apache-jmeter-3.3\lib
Environment: {}
Executing: CMD /c java -jar cts.mars_suite.jar xls2CsvConv C:\Users\tatai\Dropbox\Career\Skills\Jmeter_Frameworks\bin\MARS_Test_Data_Input.xlsx C:\Users\tatai\Dropbox\Career\Skills\Jmeter_Frameworks\bin\MARS_Mongo\mongoInput.csv SqlVsMql ;</samplerData>
</sample>
<sample t="51" it="0" lt="0" ct="0" ts="1529513577498" s="true" lb="" rc="0" rm="OK" tn="SQL &amp; Mongo Thread 2-1" dt="text" de="" by="0" sby="0" sc="1" ec="0" ng="1" na="1" hn="TV_LAPTOP">
  <responseHeader class="java.lang.String"></responseHeader>
  <requestHeader class="java.lang.String"></requestHeader>
  <responseData class="java.lang.String"></responseData>
  <responseFile class="java.lang.String"></responseFile>
  <samplerData class="java.lang.String">Working Directory: C:\Users\tatai\OneDrive\apache-jmeter-3.3\bin
Environment: {}
Executing: cmd /c echo db.members.aggregate([{$unwind: &apos;$coverages&apos;}]).forEach(function(x){print(x._id + &apos;\t&apos; + x.mbr_name + &apos;\t&apos; + x.coverages.type + &apos;\t&apos; + x.coverages.claim_amt)}) &gt; C:\Users\tatai\Dropbox\Career\Skills\Jmeter_Frameworks\bin\MARS_Mongo\temp\command.js</samplerData>
</sample>
<sample t="7939" it="0" lt="7935" ct="7886" ts="1529513578553" s="true" lb="AWS  RDS  SQL" rc="200" rm="OK" tn="SQL &amp; Mongo Thread 2-1" dt="text" de="UTF-8" by="327" sby="0" sc="1" ec="0" ng="1" na="1" hn="TV_LAPTOP">
  <responseHeader class="java.lang.String">shared:true, driver:oracle.jdbc.driver.OracleDriver, url:jdbc:oracle:thin:@//myrdsorcl.cahrgql4rsph.us-east-2.rds.amazonaws.com:1521/ORCL, user:tataiermail</responseHeader>
  <requestHeader class="java.lang.String"></requestHeader>
  <responseData class="java.lang.String">MBR_ID	NAME	COVERAGE_TYPE	CLAIM_AMT
0	aimee Zank	MED	1.463179736705023
0	aimee Zank	DEN	11.78273309957772
0	aimee Zank	VIS	6.67617
0	aimee Zank	RX	35.8740349954354
1	Aurelia Menendez	MED	60.06045071030959
1	Aurelia Menendez	DEN	52.79790691903873
1	Aurelia Menendez	VIS	71.76133439165544
1	Aurelia Menendez	RX	34.85718117893772
</responseData>
  <responseFile class="java.lang.String">C:\Users\tatai\Dropbox\Career\Skills\Jmeter_Frameworks\bin\MARS_Mongo\temp\sql.log</responseFile>
  <samplerData class="java.lang.String">[Select Statement] select M.*, CV.COVERAGE_TYPE, CV.CLAIM_AMT from M_MEMBER M INNER JOIN M_COVERAGES CV ON M.MBR_ID = CV.MBR_ID

</samplerData>
</sample>
<sample t="1304" it="0" lt="0" ct="0" ts="1529513587494" s="true" lb="mLab Cloud MQL" rc="0" rm="OK" tn="SQL &amp; Mongo Thread 2-1" dt="text" de="" by="19216" sby="0" sc="1" ec="0" ng="1" na="1" hn="TV_LAPTOP">
  <responseHeader class="java.lang.String"></responseHeader>
  <requestHeader class="java.lang.String"></requestHeader>
  <responseData class="java.lang.String">89	Cassi Heal	MED	43.04310994985133&#xd;
89	Cassi Heal	DEN	0.006247360551892012&#xd;
89	Cassi Heal	VIS	63.88558436723092&#xd;
89	Cassi Heal	RX	14.78122510144431&#xd;
90	Osvaldo Hirt	MED	67.44931456608883&#xd;
90	Osvaldo Hirt	DEN	41.77986504201782&#xd;
90	Osvaldo Hirt	VIS	76.30879472084027&#xd;
90	Osvaldo Hirt	RX	63.0968728899343&#xd;
91	Ty Barbieri	MED	38.43781607953586&#xd;
91	Ty Barbieri	DEN	95.70340794272111&#xd;
91	Ty Barbieri	VIS	72.80272364761178&#xd;
91	Ty Barbieri	RX	18.65883614099724&#xd;
92	Ta Sikorski	MED	30.02140506101446&#xd;
92	Ta Sikorski	DEN	23.89164976236439&#xd;
92	Ta Sikorski	VIS	31.70116444848026&#xd;
92	Ta Sikorski	RX	61.82907698626848&#xd;
93	Lucinda Vanderburg	MED	27.55843343656866&#xd;
93	Lucinda Vanderburg	DEN	11.45699271327768&#xd;
93	Lucinda Vanderburg	VIS	75.53546873615787&#xd;
93	Lucinda Vanderburg	RX	3.316018745342064&#xd;
94	Darby Wass	MED	6.867644836612586&#xd;
94	Darby Wass	DEN	63.4908039680606&#xd;
94	Darby Wass	VIS	85.41865347441522&#xd;
94	Darby Wass	RX	26.82623527074511&#xd;
95	Omar Bowdoin	MED	8.58858127638702&#xd;
95	Omar Bowdoin	DEN	88.40377630359677&#xd;
95	Omar Bowdoin	RX	25.71387474240768&#xd;
95	Omar Bowdoin	VIS	23.73786528217532&#xd;
96	Milan Mcgavock	MED	69.11554341921843&#xd;
96	Milan Mcgavock	DEN	10.2027724707151&#xd;
96	Milan Mcgavock	VIS	2.815944526266023&#xd;
96	Milan Mcgavock	RX	24.87545552041663&#xd;
97	Maren Scheider	MED	94.4329121733663&#xd;
97	Maren Scheider	DEN	77.28263690107663&#xd;
97	Maren Scheider	VIS	6.872536184428357&#xd;
97	Maren Scheider	RX	59.46326216544371&#xd;
98	Carli Ector	MED	88.18040268522668&#xd;
98	Carli Ector	DEN	60.3111085581054&#xd;
98	Carli Ector	VIS	10.27537091986367&#xd;
98	Carli Ector	RX	96.33612053785647&#xd;
99	Jaclyn Morado	MED	70.27627082122453&#xd;
99	Jaclyn Morado	DEN	56.78470387064279&#xd;
99	Jaclyn Morado	VIS	21.74758014553796&#xd;
99	Jaclyn Morado	RX	47.48518298423097&#xd;
100	Demarcus Audette	MED	47.42608580155614&#xd;
100	Demarcus Audette	DEN	44.83416623719906&#xd;
100	Demarcus Audette	VIS	19.85604968544429&#xd;
100	Demarcus Audette	RX	39.01726616178844&#xd;
101	Tania Hulett	MED	21.84617015735916&#xd;
101	Tania Hulett	DEN	53.8568257735492&#xd;
101	Tania Hulett	VIS	14.77762216150431&#xd;
101	Tania Hulett	RX	79.60533635579307&#xd;
102	Mercedez Garduno	MED	49.52877007656483&#xd;
102	Mercedez Garduno	DEN	44.55505066212384&#xd;
102	Mercedez Garduno	VIS	12.14582444697345&#xd;
102	Mercedez Garduno	RX	81.50869746632009&#xd;
103	Fleta Duplantis	MED	84.37799696030743&#xd;
103	Fleta Duplantis	DEN	15.95792143439528&#xd;
103	Fleta Duplantis	VIS	77.80745176713172&#xd;
103	Fleta Duplantis	RX	14.24113076894851&#xd;
104	Brittny Warwick	MED	69.54399888097534&#xd;
104	Brittny Warwick	DEN	82.00469934215849&#xd;
104	Brittny Warwick	VIS	27.31675193678847&#xd;
104	Brittny Warwick	RX	95.96446106607902&#xd;
105	Shin Allbright	MED	62.28388941877533&#xd;
105	Shin Allbright	DEN	85.26863799439475&#xd;
105	Shin Allbright	VIS	88.9947941542333&#xd;
105	Shin Allbright	RX	52.68629677727286&#xd;
106	Karry Petrarca	MED	3.677125771067413&#xd;
106	Karry Petrarca	DEN	40.39799056667404&#xd;
106	Karry Petrarca	VIS	14.38347127905983&#xd;
106	Karry Petrarca	RX	0.3398440134644742&#xd;
107	Beckie Millington	MED	69.52419218194589&#xd;
107	Beckie Millington	DEN	24.85411404016219&#xd;
107	Beckie Millington	VIS	34.92039455520659&#xd;
107	Beckie Millington	RX	29.82403628902139&#xd;
108	Mikaela Meidinger	MED	63.75595052560389&#xd;
108	Mikaela Meidinger	DEN	59.52298111997963&#xd;
108	Mikaela Meidinger	VIS	88.66481441499843&#xd;
108	Mikaela Meidinger	RX	0.08157369764142386&#xd;
109	Flora Duell	MED	40.68238966626067&#xd;
109	Flora Duell	DEN	46.77972040308903&#xd;
109	Flora Duell	VIS	65.90098502289938&#xd;
109	Flora Duell	RX	69.29400057020965&#xd;
110	Nobuko Linzey	MED	67.40792606687442&#xd;
110	Nobuko Linzey	DEN	58.58331128403415&#xd;
110	Nobuko Linzey	VIS	47.44831568815929&#xd;
110	Nobuko Linzey	RX	19.27081566886746&#xd;
111	Gennie Ratner	MED	62.74309964110307&#xd;
111	Gennie Ratner	DEN	92.18013849235186&#xd;
111	Gennie Ratner	RX	34.50565589246531&#xd;
111	Gennie Ratner	VIS	53.11174468047395&#xd;
112	Myrtle Wolfinger	MED	73.93895528856032&#xd;
112	Myrtle Wolfinger	DEN	35.99397009906073&#xd;
112	Myrtle Wolfinger	RX	93.85826506506328&#xd;
112	Myrtle Wolfinger	VIS	71.21962876453497&#xd;
113		MED	77.57315913088024&#xd;
113		DEN	13.28135073340091&#xd;
113		VIS	67.27527802263116&#xd;
113		RX	55.74198976046431&#xd;
114	aimee Zank	MED	15.91636686717778&#xd;
114	aimee Zank	DEN	96.12953798826392&#xd;
114	aimee Zank	VIS	18.92628947700149&#xd;
114	aimee Zank	RX	18.52035674134503&#xd;
115	Aurelia Menendez	MED	5.105728872755167&#xd;
115	Aurelia Menendez	DEN	7.375913405784407&#xd;
115	Aurelia Menendez	VIS	19.64468598879037&#xd;
115	Aurelia Menendez	RX	92.62414866541212&#xd;
116	Corliss Zuk	MED	76.45468797439878&#xd;
116	Corliss Zuk	DEN	53.02642890026489&#xd;
116	Corliss Zuk	VIS	91.86573111689813&#xd;
116	Corliss Zuk	RX	72.54824624119813&#xd;
117	Bao Ziglar	MED	37.22753032391262&#xd;
117	Bao Ziglar	DEN	52.75139192596129&#xd;
117	Bao Ziglar	VIS	64.06863625194231&#xd;
117	Bao Ziglar	RX	33.15177269905534&#xd;
118	Zachary Langlais	MED	62.20457822364115&#xd;
118	Zachary Langlais	DEN	61.03733414415722&#xd;
118	Zachary Langlais	VIS	8.548735651522431&#xd;
118	Zachary Langlais	RX	82.41688205392703&#xd;
119	Wilburn Spiess	MED	52.36963021569788&#xd;
119	Wilburn Spiess	DEN	96.5715450678789&#xd;
119	Wilburn Spiess	VIS	61.35034001494281&#xd;
119	Wilburn Spiess	RX	28.10477578379966&#xd;
0	aimee Zank	MED	1.463179736705023&#xd;
0	aimee Zank	DEN	11.78273309957772&#xd;
0	aimee Zank	VIS	6.676176060654615&#xd;
0	aimee Zank	RX	35.8740349954354&#xd;
1	Aurelia Menendez	MED	60.06045071030959&#xd;
1	Aurelia Menendez	DEN	52.79790691903873&#xd;
1	Aurelia Menendez	VIS	71.76133439165544&#xd;
1	Aurelia Menendez	RX	34.85718117893772&#xd;
2	Corliss Zuk	MED	67.03077096065002&#xd;
2	Corliss Zuk	DEN	6.301851677835235&#xd;
2	Corliss Zuk	VIS	20.18160621941858&#xd;
2	Corliss Zuk	RX	66.28344683278382&#xd;
3	Bao Ziglar	MED	71.64343899778332&#xd;
3	Bao Ziglar	DEN	24.80221293650313&#xd;
3	Bao Ziglar	VIS	1.694720653897219&#xd;
3	Bao Ziglar	RX	42.26147058804812&#xd;
4	Zachary Langlais	MED	78.68385091304332&#xd;
4	Zachary Langlais	DEN	90.2963101368042&#xd;
4	Zachary Langlais	VIS	34.41620148042529&#xd;
4	Zachary Langlais	RX	19.21886443577987&#xd;
5	Wilburn Spiess	MED	44.87186330181261&#xd;
5	Wilburn Spiess	DEN	25.72395114668016&#xd;
5	Wilburn Spiess	VIS	10.53058536508186&#xd;
5	Wilburn Spiess	RX	63.42288310628662&#xd;
6	Jenette Flanders	MED	37.32285459166097&#xd;
6	Jenette Flanders	DEN	28.32634976913737&#xd;
6	Jenette Flanders	VIS	16.58341639738951&#xd;
6	Jenette Flanders	RX	81.57115318686338&#xd;
7	Salena Olmos	MED	90.37826509157176&#xd;
7	Salena Olmos	DEN	42.48780666956811&#xd;
7	Salena Olmos	VIS	67.18328596625217&#xd;
7	Salena Olmos	RX	96.52986171633331&#xd;
8	Daphne Zheng	MED	22.13583712862635&#xd;
8	Daphne Zheng	DEN	14.63969941335069&#xd;
8	Daphne Zheng	VIS	75.94123677556644&#xd;
8	Daphne Zheng	RX	73.2975330340769&#xd;
9	Sanda Ryba	MED	97.00509953654694&#xd;
9	Sanda Ryba	DEN	97.80449632538915&#xd;
9	Sanda Ryba	VIS	12.47568017314781&#xd;
9	Sanda Ryba	RX	25.27368532432955&#xd;
10	Denisha Cast	MED	45.61876862259409&#xd;
10	Denisha Cast	DEN	98.35723209418343&#xd;
10	Denisha Cast	VIS	19.31113429145131&#xd;
10	Denisha Cast	RX	55.90835657173456&#xd;
11	Marcus Blohm	MED	78.42617835651868&#xd;
11	Marcus Blohm	DEN	82.58372817930675&#xd;
11	Marcus Blohm	VIS	87.49924733328717&#xd;
11	Marcus Blohm	RX	15.81264595052612&#xd;
12	Quincy Danaher	MED	54.29841278520669&#xd;
12	Quincy Danaher	DEN	85.61270164694737&#xd;
12	Quincy Danaher	VIS	14.78936520432093&#xd;
12	Quincy Danaher	RX	80.40732356118075&#xd;
13	Jessika Dagenais	MED	90.47179954427436&#xd;
13	Jessika Dagenais	DEN	90.3001402468489&#xd;
13	Jessika Dagenais	VIS	95.17753772405909&#xd;
13	Jessika Dagenais	RX	78.18795058912879&#xd;
14	Alix Sherrill	MED	25.15924151998215&#xd;
14	Alix Sherrill	DEN	68.64484047692098&#xd;
14	Alix Sherrill	VIS	13.66179556675781&#xd;
14	Alix Sherrill	RX	24.68462152686763&#xd;
15	Tambra Mercure	MED	69.1565022533158&#xd;
15	Tambra Mercure	DEN	3.311794422000724&#xd;
15	Tambra Mercure	VIS	45.03178973642521&#xd;
15	Tambra Mercure	RX	42.19409476640781&#xd;
16	Dodie Staller	MED	7.772386442858281&#xd;
16	Dodie Staller	DEN	31.84300235104542&#xd;
16	Dodie Staller	VIS	80.52136407989194&#xd;
16	Dodie Staller	RX	70.3632405320854&#xd;
17	Fletcher Mcconnell	MED	39.41011069729274&#xd;
17	Fletcher Mcconnell	DEN	81.13270307809924&#xd;
17	Fletcher Mcconnell	VIS	31.15090466987088&#xd;
17	Fletcher Mcconnell	RX	97.70116640402922&#xd;
18	Verdell Sowinski	MED	62.12870233109035&#xd;
18	Verdell Sowinski	DEN	84.74586220889356&#xd;
18	Verdell Sowinski	VIS	81.58947824932574&#xd;
18	Verdell Sowinski	RX	69.09840625499065&#xd;
19	Gisela Levin	MED	44.51211101958831&#xd;
19	Gisela Levin	DEN	0.6578497966368002&#xd;
19	Gisela Levin	VIS	93.36341655949683&#xd;
19	Gisela Levin	RX	49.43132782777443&#xd;
20	Tressa Schwing	MED	42.17439799514388&#xd;
20	Tressa Schwing	DEN	71.99314840599558&#xd;
20	Tressa Schwing	VIS	81.23972632069464&#xd;
20	Tressa Schwing	RX	48.33010230766873&#xd;
21	Rosana Vales	MED	46.2289476258328&#xd;
21	Rosana Vales	DEN	98.34164225207036&#xd;
21	Rosana Vales	VIS	11.61342324347139&#xd;
21	Rosana Vales	RX	36.18769746805938&#xd;
22	Margart Vitello	MED	75.04996547553947&#xd;
22	Margart Vitello	DEN	10.23046475899236&#xd;
22	Margart Vitello	VIS	96.72520512117761&#xd;
22	Margart Vitello	RX	6.488940333376703&#xd;
23	Tamika Schildgen	MED	45.65432764125526&#xd;
23	Tamika Schildgen	DEN	64.32927049658846&#xd;
23	Tamika Schildgen	VIS	83.53933351660562&#xd;
23	Tamika Schildgen	RX	64.53669892045296&#xd;
24	Jesusa Rickenbacker	MED	86.0319702155683&#xd;
24	Jesusa Rickenbacker	DEN	1.967495200433389&#xd;
24	Jesusa Rickenbacker	VIS	61.10861071547914&#xd;
24	Jesusa Rickenbacker	RX	47.65460674687512&#xd;
25	Rudolph Domingo	MED	74.75289335591543&#xd;
25	Rudolph Domingo	DEN	38.5413647805495&#xd;
25	Rudolph Domingo	VIS	35.2554340953413&#xd;
25	Rudolph Domingo	RX	6.94324481190195&#xd;
26	Jonie Raby	MED	19.17861192576963&#xd;
26	Jonie Raby	DEN	76.3890359749654&#xd;
26	Jonie Raby	VIS	44.39605672647002&#xd;
26	Jonie Raby	RX	5.668263730201028&#xd;
27	Edgar Sarkis	MED	8.606983261043888&#xd;
27	Edgar Sarkis	DEN	58.71180464203724&#xd;
27	Edgar Sarkis	VIS	15.33726210596508&#xd;
27	Edgar Sarkis	RX	14.35947594380606&#xd;
28	Laureen Salomone	MED	3.677565278992456&#xd;
28	Laureen Salomone	DEN	7.119462599229987&#xd;
28	Laureen Salomone	VIS	82.87308922617427&#xd;
28	Laureen Salomone	RX	7.697331666318108&#xd;
29	Gwyneth Garling	MED	48.36644963899371&#xd;
29	Gwyneth Garling	DEN	10.37827022865908&#xd;
29	Gwyneth Garling	VIS	22.00937866160616&#xd;
29	Gwyneth Garling	RX	93.26639335532833&#xd;
30	Kaila Deibler	MED	15.89771199662455&#xd;
30	Kaila Deibler	DEN	56.93965183412178&#xd;
30	Kaila Deibler	VIS	66.64493295066322&#xd;
30	Kaila Deibler	RX	27.25353739456094&#xd;
31	Tandra Meadows	MED	24.90138146001744&#xd;
31	Tandra Meadows	DEN	28.8266541837344&#xd;
31	Tandra Meadows	VIS	13.53683769386709&#xd;
31	Tandra Meadows	RX	97.16831550665721&#xd;
32	Gwen Honig	MED	87.14345376886205&#xd;
32	Gwen Honig	DEN	99.45824441135635&#xd;
32	Gwen Honig	VIS	35.3788193463544&#xd;
32	Gwen Honig	RX	76.66460454219344&#xd;
33	Sadie Jernigan	MED	73.15861249943812&#xd;
33	Sadie Jernigan	DEN	2.987718065941702&#xd;
33	Sadie Jernigan	VIS	51.81946118482261&#xd;
33	Sadie Jernigan	RX	82.54104198590488&#xd;
34	Carli Belvins	MED	7.112266875518214&#xd;
34	Carli Belvins	DEN	67.734668378287&#xd;
34	Carli Belvins	VIS	32.25008698445316&#xd;
34	Carli Belvins	RX	88.99855402666871&#xd;
35	Synthia Labelle	MED	27.22049103148209&#xd;
35	Synthia Labelle	DEN	31.28760039265919&#xd;
35	Synthia Labelle	VIS	29.18912718046906&#xd;
35	Synthia Labelle	RX	79.23285425688643&#xd;
36	Eugene Magdaleno	MED	73.055900093666&#xd;
36	Eugene Magdaleno	DEN	79.85621560462026&#xd;
36	Eugene Magdaleno	VIS	66.09143669040472&#xd;
36	Eugene Magdaleno	RX	39.44092839803375&#xd;
37	Meagan Oakes	MED	86.06759716616264&#xd;
37	Meagan Oakes	DEN	79.45097452834857&#xd;
37	Meagan Oakes	VIS	28.41090281547689&#xd;
37	Meagan Oakes	RX	25.31831395970249&#xd;
38	Richelle Siemers	MED	34.64373397163318&#xd;
38	Richelle Siemers	DEN	91.46799649446983&#xd;
38	Richelle Siemers	VIS	31.74461197651704&#xd;
38	Richelle Siemers	RX	56.12615074082559&#xd;
39	Mariette Batdorf	MED	0.04381116979284005&#xd;
39	Mariette Batdorf	DEN	90.25774974259562&#xd;
39	Mariette Batdorf	VIS	65.88612319625227&#xd;
39	Mariette Batdorf	RX	16.40598305673743&#xd;
40	Rachell Aman	MED	84.53009035375172&#xd;
40	Rachell Aman	DEN	25.25568126160764&#xd;
40	Rachell Aman	VIS	38.61623256739443&#xd;
40	Rachell Aman	RX	70.42062575402956&#xd;
41	Aleida Elsass	MED	28.02518041693717&#xd;
41	Aleida Elsass	DEN	95.25243105389065&#xd;
41	Aleida Elsass	VIS	68.05980405338909&#xd;
41	Aleida Elsass	RX	19.39841999081942&#xd;
42	Kayce Kenyon	MED	44.62441703708117&#xd;
42	Kayce Kenyon	DEN	27.38208798553111&#xd;
42	Kayce Kenyon	VIS	97.43587143437509&#xd;
42	Kayce Kenyon	RX	56.66014675388287&#xd;
43	Ernestine Macfarland	MED	15.29147856258362&#xd;
43	Ernestine Macfarland	DEN	78.40698797039501&#xd;
43	Ernestine Macfarland	VIS	31.03031764716336&#xd;
43	Ernestine Macfarland	RX	0.7058771516102902&#xd;
44	Houston Valenti	MED	98.06441387027331&#xd;
44	Houston Valenti	DEN	0.8760893342659504&#xd;
44	Houston Valenti	VIS	15.2177618920215&#xd;
44	Houston Valenti	RX	11.33991806278614&#xd;
45	Terica Brugger	MED	42.1011312120801&#xd;
45	Terica Brugger	DEN	41.73654145887228&#xd;
45	Terica Brugger	VIS	13.3625292343721&#xd;
45	Terica Brugger	RX	18.91287189072117&#xd;
46	Lady Lefevers	MED	16.89237820123443&#xd;
46	Lady Lefevers	DEN	65.97505910406456&#xd;
46	Lady Lefevers	VIS	48.42527123437286&#xd;
46	Lady Lefevers	RX	21.7574602601663&#xd;
47	Kurtis Jiles	MED	92.96916908741805&#xd;
47	Kurtis Jiles	DEN	22.86854192921203&#xd;
47	Kurtis Jiles	VIS	12.10418920555013&#xd;
47	Kurtis Jiles	RX	31.89793879453222&#xd;
48	Barbera Lippman	MED	35.43490750932609&#xd;
48	Barbera Lippman	DEN	97.42074160188449&#xd;
48	Barbera Lippman	VIS	64.33897612104403&#xd;
48	Barbera Lippman	RX	74.1092960902528&#xd;
49	Dinah Sauve	MED	96.64807532447064&#xd;
49	Dinah Sauve	DEN	14.56470882270576&#xd;
49	Dinah Sauve	VIS	72.00519420743191&#xd;
49	Dinah Sauve	RX	68.40650882547841&#xd;
50	Alica Pasley	MED	19.38544736721771&#xd;
50	Alica Pasley	DEN	88.70752686639557&#xd;
50	Alica Pasley	VIS	60.62755218680213&#xd;
50	Alica Pasley	RX	51.04001259232448&#xd;
51	Elizabet Kleine	MED	86.81245449846962&#xd;
51	Elizabet Kleine	DEN	36.196443334522&#xd;
51	Elizabet Kleine	VIS	77.94001750905642&#xd;
51	Elizabet Kleine	RX	14.07686094256286&#xd;
52	Tawana Oberg	MED	80.59006098671075&#xd;
52	Tawana Oberg	DEN	93.28438118988183&#xd;
52	Tawana Oberg	VIS	93.12134003887978&#xd;
52	Tawana Oberg	RX	68.64511133845058&#xd;
53	Malisa Jeanes	MED	33.44580005842922&#xd;
53	Malisa Jeanes	DEN	7.172746439960975&#xd;
53	Malisa Jeanes	VIS	80.53328849494751&#xd;
53	Malisa Jeanes	RX	61.9194866926309&#xd;
54	Joel Rueter	MED	87.53636893952853&#xd;
54	Joel Rueter	DEN	92.70974674256513&#xd;
54	Joel Rueter	VIS	61.79032586247813&#xd;
54	Joel Rueter	RX	2.926650636099537&#xd;
55	Tresa Sinha	MED	94.93136959210354&#xd;
55	Tresa Sinha	DEN	72.32226123565266&#xd;
55	Tresa Sinha	VIS	4.988845385625684&#xd;
55	Tresa Sinha	RX	77.248768811767&#xd;
56	Danika Loeffler	MED	21.54531707142236&#xd;
56	Danika Loeffler	DEN	41.75962115078149&#xd;
56	Danika Loeffler	VIS	4.923819407716035&#xd;
56	Danika Loeffler	RX	55.70195462204016&#xd;
57	Chad Rahe	MED	40.84572027366789&#xd;
57	Chad Rahe	DEN	29.22733629679561&#xd;
57	Chad Rahe	VIS	93.12112348179406&#xd;
57	Chad Rahe	RX	27.06916803280036&#xd;
58	Joaquina Arbuckle	MED	28.66671659815553&#xd;
58	Joaquina Arbuckle	DEN	40.48858382583742&#xd;
58	Joaquina Arbuckle	VIS	51.51393116681172&#xd;
58	Joaquina Arbuckle	RX	9.965515162346817&#xd;
59	Vinnie Auerbach	MED	95.45508256300009&#xd;
59	Vinnie Auerbach	DEN	7.512188017365151&#xd;
59	Vinnie Auerbach	VIS	28.5905754294006&#xd;
59	Vinnie Auerbach	RX	23.91300715707971&#xd;
60	Dusti Lemmond	MED	17.27725327681863&#xd;
60	Dusti Lemmond	DEN	83.24439414725833&#xd;
60	Dusti Lemmond	VIS	81.84258722611811&#xd;
60	Dusti Lemmond	RX	24.70433764307496&#xd;
61	Grady Zemke	MED	51.91561300267121&#xd;
61	Grady Zemke	DEN	50.08349374829509&#xd;
61	Grady Zemke	VIS	95.34139273570386&#xd;
61	Grady Zemke	RX	34.13252938412605&#xd;
62	Vina Matsunaga	MED	51.38190070034149&#xd;
62	Vina Matsunaga	DEN	34.63479282877322&#xd;
62	Vina Matsunaga	VIS	46.27059093183421&#xd;
62	Vina Matsunaga	RX	19.16579262350994&#xd;
63	Rubie Winton	MED	7.176062073558509&#xd;
63	Rubie Winton	DEN	46.32426882511162&#xd;
63	Rubie Winton	VIS	19.24312817599633&#xd;
63	Rubie Winton	RX	0.6444077420911576&#xd;
64	Whitley Fears	MED	89.61845831842888&#xd;
64	Whitley Fears	DEN	82.44879156010508&#xd;
64	Whitley Fears	VIS	92.2308421188758&#xd;
64	Whitley Fears	RX	96.57912148645883&#xd;
65	Gena Riccio	MED	67.58395308948619&#xd;
65	Gena Riccio	DEN	67.2413500951588&#xd;
65	Gena Riccio	VIS	42.93471779899529&#xd;
65	Gena Riccio	RX	30.12776583664075&#xd;
66	Kim Xu	MED	19.96531774799065&#xd;
66	Kim Xu	DEN	17.52966217224916&#xd;
66	Kim Xu	VIS	49.42403230686458&#xd;
66	Kim Xu	RX	57.32983091095816&#xd;
67	Merissa Mann	MED	75.1949733626123&#xd;
67	Merissa Mann	DEN	52.56522605123723&#xd;
67	Merissa Mann	VIS	83.8722548112793&#xd;
67	Merissa Mann	RX	94.67518167209815&#xd;
68	Jenise Mcguffie	MED	40.15210496060384&#xd;
68	Jenise Mcguffie	DEN	90.60219950183566&#xd;
68	Jenise Mcguffie	VIS	23.21791929422224&#xd;
68	Jenise Mcguffie	RX	51.58720341010564&#xd;
69	Cody Strouth	MED	4.784730508547719&#xd;
69	Cody Strouth	DEN	99.80348240553108&#xd;
69	Cody Strouth	VIS	25.57926736852058&#xd;
69	Cody Strouth	RX	97.89665889862901&#xd;
70	Harriett Velarde	MED	33.7733570443736&#xd;
70	Harriett Velarde	DEN	96.05228578589255&#xd;
70	Harriett Velarde	VIS	46.24926696413032&#xd;
70	Harriett Velarde	RX	21.38522866276249&#xd;
71	Kam Senters	MED	81.56497719010976&#xd;
71	Kam Senters	DEN	5.247410853581524&#xd;
71	Kam Senters	VIS	92.10078400854972&#xd;
71	Kam Senters	RX	55.4770385973351&#xd;
72	Leonida Lafond	MED	92.10605086888438&#xd;
72	Leonida Lafond	DEN	32.66022211621239&#xd;
72	Leonida Lafond	VIS	38.22914395140913&#xd;
72	Leonida Lafond	RX	82.15588797092647&#xd;
73	Devorah Smartt	MED	69.60160495436016&#xd;
73	Devorah Smartt	DEN	6.931507591998553&#xd;
73	Devorah Smartt	VIS	55.66005349294464&#xd;
73	Devorah Smartt	RX	40.18626524256411&#xd;
74	Leola Lundin	MED	31.62936464207764&#xd;
74	Leola Lundin	DEN	91.28658941188532&#xd;
74	Leola Lundin	VIS	23.95163257932222&#xd;
74	Leola Lundin	RX	93.71671632774428&#xd;
75	Tonia Surace	MED	80.93655069496523&#xd;
75	Tonia Surace	DEN	79.54620208144452&#xd;
75	Tonia Surace	VIS	27.51843538237827&#xd;
75	Tonia Surace	RX	41.34308724166419&#xd;
76	Adrien Renda	MED	57.24794864351232&#xd;
76	Adrien Renda	DEN	19.5118228072558&#xd;
76	Adrien Renda	VIS	59.50508603413107&#xd;
76	Adrien Renda	RX	70.71043448913191&#xd;
77	Efrain Claw	MED	55.41266579085205&#xd;
77	Efrain Claw	DEN	31.30359328252952&#xd;
77	Efrain Claw	VIS	82.03870199947903&#xd;
77	Efrain Claw	RX	88.73134194093676&#xd;
78	Len Treiber	MED	21.21850173315791&#xd;
78	Len Treiber	DEN	13.2282768150266&#xd;
78	Len Treiber	VIS	16.68695227176766&#xd;
78	Len Treiber	RX	82.49842801247594&#xd;
79	Mariela Sherer	MED	61.20158144877323&#xd;
79	Mariela Sherer	DEN	52.75657259917104&#xd;
79	Mariela Sherer	VIS	63.95107452142731&#xd;
79	Mariela Sherer	RX	90.97004773806381&#xd;
80	Echo Pippins	MED	27.77924608896123&#xd;
80	Echo Pippins	DEN	85.1861976198818&#xd;
80	Echo Pippins	VIS	75.62132497619177&#xd;
80	Echo Pippins	RX	92.50671800180454&#xd;
81	Linnie Weigel	MED	66.0349256424749&#xd;
81	Linnie Weigel	DEN	67.57096025532985&#xd;
81	Linnie Weigel	VIS	28.82283586295377&#xd;
81	Linnie Weigel	RX	38.33608066073369&#xd;
82	Santiago Dollins	MED	33.48242310776701&#xd;
82	Santiago Dollins	DEN	60.49199094204558&#xd;
82	Santiago Dollins	VIS	75.58039801610906&#xd;
82	Santiago Dollins	RX	87.02564768982076&#xd;
83	Tonisha Games	MED	29.13833807032966&#xd;
83	Tonisha Games	DEN	35.25054111123917&#xd;
83	Tonisha Games	VIS	66.73047056293319&#xd;
83	Tonisha Games	RX	20.04018866516366&#xd;
84	Timothy Harrod	MED	93.23020013495737&#xd;
84	Timothy Harrod	DEN	49.06010347848443&#xd;
84	Timothy Harrod	VIS	74.00788699415295&#xd;
84	Timothy Harrod	RX	43.46258375716373&#xd;
85	Rae Kohout	MED	63.86894250781692&#xd;
85	Rae Kohout	DEN	55.81549538273672&#xd;
85	Rae Kohout	VIS	59.13566011309437&#xd;
85	Rae Kohout	RX	5.956241581565125&#xd;
86	Brain Lachapelle	MED	2.013473187690951&#xd;
86	Brain Lachapelle	DEN	45.01802394825918&#xd;
86	Brain Lachapelle	VIS	63.74658824265818&#xd;
86	Brain Lachapelle	RX	88.04712649447521&#xd;
87	Toshiko Sabella	MED	21.05570509531929&#xd;
87	Toshiko Sabella	DEN	26.43387483146958&#xd;
87	Toshiko Sabella	VIS	18.96368757115227&#xd;
87	Toshiko Sabella	RX	42.80331214002496&#xd;
88	Keesha Papadopoulos	MED	82.35397321850031&#xd;
88	Keesha Papadopoulos	DEN	3.064361273717464&#xd;
88	Keesha Papadopoulos	VIS	98.46867828216399&#xd;
88	Keesha Papadopoulos	RX	92.99045377889979&#xd;
</responseData>
  <responseFile class="java.lang.String">C:\Users\tatai\Dropbox\Career\Skills\Jmeter_Frameworks\bin\MARS_Mongo\temp\mql.log</responseFile>
  <samplerData class="java.lang.String">Working Directory: C:\Users\tatai\OneDrive\apache-jmeter-3.3\bin
Environment: {}
Executing: cmd /c mongo --username suman --password suman123 --quiet ds147480.mlab.com:47480/deliverdb &lt; C:\Users\tatai\Dropbox\Career\Skills\Jmeter_Frameworks\bin\MARS_Mongo\temp\command.js</samplerData>
</sample>
<sample t="552" it="0" lt="0" ct="0" ts="1529513589947" s="false" lb="Comparator - Verify Multi Table Data transfer from Database to Mongo" rc="0" rm="OK" tn="SQL &amp; Mongo Thread 2-1" dt="text" de="" by="19806" sby="0" sc="1" ec="1" ng="1" na="1" hn="TV_LAPTOP">
  <assertionResult>
    <name>Test Case - Verify Multi Table Data transfer from Database to Mongo</name>
    <failure>true</failure>
    <error>false</error>
    <failureMessage>Test failed: text expected to contain /Extra in MQL Output: :: 0/</failureMessage>
  </assertionResult>
  <responseHeader class="java.lang.String"></responseHeader>
  <requestHeader class="java.lang.String"></requestHeader>
  <responseData class="java.lang.String">Comparison SUMMARY Report on SQL &amp; MongoQL Results&#xd;
==================================================&#xd;
Record Count of SQL : 8&#xd;
Record Count of MQL : 480&#xd;
Record Count in SQL resultset which are absent/differnt in MQL : 1&#xd;
Record Count in MQL resultset which are absent/differnt in SQL : 473&#xd;
Record Count of common Data in SQL &amp; MQL : 7

&#xd;
Comparison DETAIL Report on SQL &amp; MongoQL Results&#xd;
===================================================&#xd;
MBR_ID	NAME	COVERAGE_TYPE	CLAIM_AMT&#xd;

Extra in SQL Output:&#xd;
0	aimee Zank	VIS	6.67617&#xd;

Extra in MQL Output:&#xd;
90	Osvaldo Hirt	VIS	76.30879472084027&#xd;
93	Lucinda Vanderburg	MED	27.55843343656866&#xd;
3	Bao Ziglar	VIS	1.694720653897219&#xd;
82	Santiago Dollins	VIS	75.58039801610906&#xd;
110	Nobuko Linzey	RX	19.27081566886746&#xd;
84	Timothy Harrod	DEN	49.06010347848443&#xd;
72	Leonida Lafond	RX	82.15588797092647&#xd;
114	aimee Zank	RX	18.52035674134503&#xd;
62	Vina Matsunaga	MED	51.38190070034149&#xd;
104	Brittny Warwick	VIS	27.31675193678847&#xd;
57	Chad Rahe	DEN	29.22733629679561&#xd;
85	Rae Kohout	MED	63.86894250781692&#xd;
71	Kam Senters	MED	81.56497719010976&#xd;
75	Tonia Surace	MED	80.93655069496523&#xd;
108	Mikaela Meidinger	DEN	59.52298111997963&#xd;
112	Myrtle Wolfinger	DEN	35.99397009906073&#xd;
40	Rachell Aman	VIS	38.61623256739443&#xd;
19	Gisela Levin	RX	49.43132782777443&#xd;
92	Ta Sikorski	DEN	23.89164976236439&#xd;
47	Kurtis Jiles	MED	92.96916908741805&#xd;
110	Nobuko Linzey	DEN	58.58331128403415&#xd;
15	Tambra Mercure	RX	42.19409476640781&#xd;
102	Mercedez Garduno	VIS	12.14582444697345&#xd;
7	Salena Olmos	RX	96.52986171633331&#xd;
7	Salena Olmos	VIS	67.18328596625217&#xd;
32	Gwen Honig	RX	76.66460454219344&#xd;
108	Mikaela Meidinger	VIS	88.66481441499843&#xd;
31	Tandra Meadows	DEN	28.8266541837344&#xd;
58	Joaquina Arbuckle	DEN	40.48858382583742&#xd;
31	Tandra Meadows	RX	97.16831550665721&#xd;
3	Bao Ziglar	RX	42.26147058804812&#xd;
78	Len Treiber	MED	21.21850173315791&#xd;
48	Barbera Lippman	MED	35.43490750932609&#xd;
116	Corliss Zuk	DEN	53.02642890026489&#xd;
84	Timothy Harrod	RX	43.46258375716373&#xd;
46	Lady Lefevers	MED	16.89237820123443&#xd;
36	Eugene Magdaleno	MED	73.055900093666&#xd;
77	Efrain Claw	VIS	82.03870199947903&#xd;
13	Jessika Dagenais	MED	90.47179954427436&#xd;
40	Rachell Aman	MED	84.53009035375172&#xd;
55	Tresa Sinha	VIS	4.988845385625684&#xd;
82	Santiago Dollins	RX	87.02564768982076&#xd;
13	Jessika Dagenais	RX	78.18795058912879&#xd;
48	Barbera Lippman	DEN	97.42074160188449&#xd;
56	Danika Loeffler	VIS	4.923819407716035&#xd;
96	Milan Mcgavock	MED	69.11554341921843&#xd;
6	Jenette Flanders	RX	81.57115318686338&#xd;
86	Brain Lachapelle	VIS	63.74658824265818&#xd;
40	Rachell Aman	DEN	25.25568126160764&#xd;
33	Sadie Jernigan	MED	73.15861249943812&#xd;
24	Jesusa Rickenbacker	VIS	61.10861071547914&#xd;
98	Carli Ector	VIS	10.27537091986367&#xd;
108	Mikaela Meidinger	RX	0.08157369764142386&#xd;
35	Synthia Labelle	RX	79.23285425688643&#xd;
20	Tressa Schwing	DEN	71.99314840599558&#xd;
107	Beckie Millington	MED	69.52419218194589&#xd;
60	Dusti Lemmond	MED	17.27725327681863&#xd;
82	Santiago Dollins	MED	33.48242310776701&#xd;
105	Shin Allbright	RX	52.68629677727286&#xd;
103	Fleta Duplantis	MED	84.37799696030743&#xd;
106	Karry Petrarca	VIS	14.38347127905983&#xd;
3	Bao Ziglar	MED	71.64343899778332&#xd;
111	Gennie Ratner	DEN	92.18013849235186&#xd;
88	Keesha Papadopoulos	VIS	98.46867828216399&#xd;
100	Demarcus Audette	VIS	19.85604968544429&#xd;
113		RX	55.74198976046431&#xd;
42	Kayce Kenyon	DEN	27.38208798553111&#xd;
88	Keesha Papadopoulos	DEN	3.064361273717464&#xd;
45	Terica Brugger	DEN	41.73654145887228&#xd;
3	Bao Ziglar	DEN	24.80221293650313&#xd;
14	Alix Sherrill	DEN	68.64484047692098&#xd;
98	Carli Ector	MED	88.18040268522668&#xd;
103	Fleta Duplantis	RX	14.24113076894851&#xd;
79	Mariela Sherer	RX	90.97004773806381&#xd;
25	Rudolph Domingo	DEN	38.5413647805495&#xd;
21	Rosana Vales	RX	36.18769746805938&#xd;
112	Myrtle Wolfinger	VIS	71.21962876453497&#xd;
69	Cody Strouth	VIS	25.57926736852058&#xd;
106	Karry Petrarca	DEN	40.39799056667404&#xd;
37	Meagan Oakes	VIS	28.41090281547689&#xd;
99	Jaclyn Morado	DEN	56.78470387064279&#xd;
7	Salena Olmos	DEN	42.48780666956811&#xd;
97	Maren Scheider	MED	94.4329121733663&#xd;
80	Echo Pippins	MED	27.77924608896123&#xd;
34	Carli Belvins	RX	88.99855402666871&#xd;
68	Jenise Mcguffie	RX	51.58720341010564&#xd;
20	Tressa Schwing	VIS	81.23972632069464&#xd;
9	Sanda Ryba	VIS	12.47568017314781&#xd;
54	Joel Rueter	RX	2.926650636099537&#xd;
94	Darby Wass	MED	6.867644836612586&#xd;
102	Mercedez Garduno	RX	81.50869746632009&#xd;
9	Sanda Ryba	MED	97.00509953654694&#xd;
116	Corliss Zuk	VIS	91.86573111689813&#xd;
55	Tresa Sinha	RX	77.248768811767&#xd;
66	Kim Xu	VIS	49.42403230686458&#xd;
65	Gena Riccio	MED	67.58395308948619&#xd;
115	Aurelia Menendez	MED	5.105728872755167&#xd;
37	Meagan Oakes	DEN	79.45097452834857&#xd;
74	Leola Lundin	DEN	91.28658941188532&#xd;
77	Efrain Claw	RX	88.73134194093676&#xd;
14	Alix Sherrill	VIS	13.66179556675781&#xd;
30	Kaila Deibler	MED	15.89771199662455&#xd;
90	Osvaldo Hirt	DEN	41.77986504201782&#xd;
103	Fleta Duplantis	VIS	77.80745176713172&#xd;
116	Corliss Zuk	MED	76.45468797439878&#xd;
32	Gwen Honig	VIS	35.3788193463544&#xd;
62	Vina Matsunaga	RX	19.16579262350994&#xd;
12	Quincy Danaher	MED	54.29841278520669&#xd;
94	Darby Wass	DEN	63.4908039680606&#xd;
96	Milan Mcgavock	RX	24.87545552041663&#xd;
10	Denisha Cast	MED	45.61876862259409&#xd;
21	Rosana Vales	MED	46.2289476258328&#xd;
76	Adrien Renda	DEN	19.5118228072558&#xd;
5	Wilburn Spiess	MED	44.87186330181261&#xd;
17	Fletcher Mcconnell	MED	39.41011069729274&#xd;
73	Devorah Smartt	RX	40.18626524256411&#xd;
30	Kaila Deibler	RX	27.25353739456094&#xd;
25	Rudolph Domingo	VIS	35.2554340953413&#xd;
63	Rubie Winton	DEN	46.32426882511162&#xd;
5	Wilburn Spiess	VIS	10.53058536508186&#xd;
93	Lucinda Vanderburg	VIS	75.53546873615787&#xd;
34	Carli Belvins	VIS	32.25008698445316&#xd;
52	Tawana Oberg	MED	80.59006098671075&#xd;
49	Dinah Sauve	DEN	14.56470882270576&#xd;
16	Dodie Staller	MED	7.772386442858281&#xd;
50	Alica Pasley	MED	19.38544736721771&#xd;
4	Zachary Langlais	MED	78.68385091304332&#xd;
43	Ernestine Macfarland	DEN	78.40698797039501&#xd;
101	Tania Hulett	VIS	14.77762216150431&#xd;
5	Wilburn Spiess	DEN	25.72395114668016&#xd;
0	aimee Zank	VIS	6.676176060654615&#xd;
18	Verdell Sowinski	VIS	81.58947824932574&#xd;
86	Brain Lachapelle	MED	2.013473187690951&#xd;
115	Aurelia Menendez	VIS	19.64468598879037&#xd;
13	Jessika Dagenais	VIS	95.17753772405909&#xd;
52	Tawana Oberg	VIS	93.12134003887978&#xd;
33	Sadie Jernigan	DEN	2.987718065941702&#xd;
40	Rachell Aman	RX	70.42062575402956&#xd;
112	Myrtle Wolfinger	RX	93.85826506506328&#xd;
48	Barbera Lippman	RX	74.1092960902528&#xd;
100	Demarcus Audette	MED	47.42608580155614&#xd;
117	Bao Ziglar	MED	37.22753032391262&#xd;
101	Tania Hulett	MED	21.84617015735916&#xd;
16	Dodie Staller	RX	70.3632405320854&#xd;
99	Jaclyn Morado	RX	47.48518298423097&#xd;
51	Elizabet Kleine	DEN	36.196443334522&#xd;
10	Denisha Cast	RX	55.90835657173456&#xd;
33	Sadie Jernigan	VIS	51.81946118482261&#xd;
86	Brain Lachapelle	RX	88.04712649447521&#xd;
9	Sanda Ryba	RX	25.27368532432955&#xd;
10	Denisha Cast	DEN	98.35723209418343&#xd;
59	Vinnie Auerbach	DEN	7.512188017365151&#xd;
61	Grady Zemke	DEN	50.08349374829509&#xd;
89	Cassi Heal	RX	14.78122510144431&#xd;
27	Edgar Sarkis	DEN	58.71180464203724&#xd;
70	Harriett Velarde	DEN	96.05228578589255&#xd;
64	Whitley Fears	RX	96.57912148645883&#xd;
23	Tamika Schildgen	VIS	83.53933351660562&#xd;
106	Karry Petrarca	MED	3.677125771067413&#xd;
99	Jaclyn Morado	VIS	21.74758014553796&#xd;
19	Gisela Levin	DEN	0.6578497966368002&#xd;
34	Carli Belvins	DEN	67.734668378287&#xd;
46	Lady Lefevers	DEN	65.97505910406456&#xd;
35	Synthia Labelle	MED	27.22049103148209&#xd;
36	Eugene Magdaleno	VIS	66.09143669040472&#xd;
27	Edgar Sarkis	RX	14.35947594380606&#xd;
66	Kim Xu	DEN	17.52966217224916&#xd;
4	Zachary Langlais	RX	19.21886443577987&#xd;
84	Timothy Harrod	MED	93.23020013495737&#xd;
14	Alix Sherrill	RX	24.68462152686763&#xd;
76	Adrien Renda	VIS	59.50508603413107&#xd;
59	Vinnie Auerbach	MED	95.45508256300009&#xd;
83	Tonisha Games	VIS	66.73047056293319&#xd;
44	Houston Valenti	MED	98.06441387027331&#xd;
55	Tresa Sinha	MED	94.93136959210354&#xd;
4	Zachary Langlais	VIS	34.41620148042529&#xd;
87	Toshiko Sabella	RX	42.80331214002496&#xd;
11	Marcus Blohm	RX	15.81264595052612&#xd;
23	Tamika Schildgen	RX	64.53669892045296&#xd;
61	Grady Zemke	VIS	95.34139273570386&#xd;
115	Aurelia Menendez	DEN	7.375913405784407&#xd;
15	Tambra Mercure	MED	69.1565022533158&#xd;
22	Margart Vitello	VIS	96.72520512117761&#xd;
67	Merissa Mann	VIS	83.8722548112793&#xd;
85	Rae Kohout	RX	5.956241581565125&#xd;
7	Salena Olmos	MED	90.37826509157176&#xd;
46	Lady Lefevers	RX	21.7574602601663&#xd;
63	Rubie Winton	VIS	19.24312817599633&#xd;
96	Milan Mcgavock	DEN	10.2027724707151&#xd;
11	Marcus Blohm	DEN	82.58372817930675&#xd;
99	Jaclyn Morado	MED	70.27627082122453&#xd;
70	Harriett Velarde	MED	33.7733570443736&#xd;
119	Wilburn Spiess	DEN	96.5715450678789&#xd;
47	Kurtis Jiles	RX	31.89793879453222&#xd;
58	Joaquina Arbuckle	RX	9.965515162346817&#xd;
53	Malisa Jeanes	MED	33.44580005842922&#xd;
50	Alica Pasley	DEN	88.70752686639557&#xd;
67	Merissa Mann	RX	94.67518167209815&#xd;
8	Daphne Zheng	MED	22.13583712862635&#xd;
78	Len Treiber	RX	82.49842801247594&#xd;
41	Aleida Elsass	MED	28.02518041693717&#xd;
2	Corliss Zuk	VIS	20.18160621941858&#xd;
56	Danika Loeffler	RX	55.70195462204016&#xd;
86	Brain Lachapelle	DEN	45.01802394825918&#xd;
101	Tania Hulett	DEN	53.8568257735492&#xd;
21	Rosana Vales	DEN	98.34164225207036&#xd;
83	Tonisha Games	DEN	35.25054111123917&#xd;
113		MED	77.57315913088024&#xd;
72	Leonida Lafond	MED	92.10605086888438&#xd;
98	Carli Ector	DEN	60.3111085581054&#xd;
67	Merissa Mann	MED	75.1949733626123&#xd;
109	Flora Duell	RX	69.29400057020965&#xd;
97	Maren Scheider	RX	59.46326216544371&#xd;
54	Joel Rueter	VIS	61.79032586247813&#xd;
54	Joel Rueter	DEN	92.70974674256513&#xd;
44	Houston Valenti	DEN	0.8760893342659504&#xd;
20	Tressa Schwing	RX	48.33010230766873&#xd;
43	Ernestine Macfarland	RX	0.7058771516102902&#xd;
8	Daphne Zheng	DEN	14.63969941335069&#xd;
27	Edgar Sarkis	MED	8.606983261043888&#xd;
38	Richelle Siemers	MED	34.64373397163318&#xd;
72	Leonida Lafond	DEN	32.66022211621239&#xd;
21	Rosana Vales	VIS	11.61342324347139&#xd;
55	Tresa Sinha	DEN	72.32226123565266&#xd;
62	Vina Matsunaga	DEN	34.63479282877322&#xd;
29	Gwyneth Garling	MED	48.36644963899371&#xd;
70	Harriett Velarde	RX	21.38522866276249&#xd;
116	Corliss Zuk	RX	72.54824624119813&#xd;
31	Tandra Meadows	VIS	13.53683769386709&#xd;
17	Fletcher Mcconnell	DEN	81.13270307809924&#xd;
6	Jenette Flanders	VIS	16.58341639738951&#xd;
12	Quincy Danaher	DEN	85.61270164694737&#xd;
117	Bao Ziglar	DEN	52.75139192596129&#xd;
43	Ernestine Macfarland	MED	15.29147856258362&#xd;
2	Corliss Zuk	MED	67.03077096065002&#xd;
70	Harriett Velarde	VIS	46.24926696413032&#xd;
97	Maren Scheider	DEN	77.28263690107663&#xd;
37	Meagan Oakes	RX	25.31831395970249&#xd;
81	Linnie Weigel	DEN	67.57096025532985&#xd;
34	Carli Belvins	MED	7.112266875518214&#xd;
68	Jenise Mcguffie	VIS	23.21791929422224&#xd;
65	Gena Riccio	RX	30.12776583664075&#xd;
25	Rudolph Domingo	RX	6.94324481190195&#xd;
31	Tandra Meadows	MED	24.90138146001744&#xd;
32	Gwen Honig	DEN	99.45824441135635&#xd;
95	Omar Bowdoin	DEN	88.40377630359677&#xd;
26	Jonie Raby	RX	5.668263730201028&#xd;
36	Eugene Magdaleno	DEN	79.85621560462026&#xd;
14	Alix Sherrill	MED	25.15924151998215&#xd;
112	Myrtle Wolfinger	MED	73.93895528856032&#xd;
80	Echo Pippins	RX	92.50671800180454&#xd;
23	Tamika Schildgen	MED	45.65432764125526&#xd;
59	Vinnie Auerbach	RX	23.91300715707971&#xd;
79	Mariela Sherer	VIS	63.95107452142731&#xd;
85	Rae Kohout	VIS	59.13566011309437&#xd;
52	Tawana Oberg	DEN	93.28438118988183&#xd;
22	Margart Vitello	DEN	10.23046475899236&#xd;
87	Toshiko Sabella	MED	21.05570509531929&#xd;
117	Bao Ziglar	VIS	64.06863625194231&#xd;
69	Cody Strouth	DEN	99.80348240553108&#xd;
92	Ta Sikorski	MED	30.02140506101446&#xd;
30	Kaila Deibler	VIS	66.64493295066322&#xd;
78	Len Treiber	VIS	16.68695227176766&#xd;
16	Dodie Staller	DEN	31.84300235104542&#xd;
22	Margart Vitello	MED	75.04996547553947&#xd;
81	Linnie Weigel	MED	66.0349256424749&#xd;
25	Rudolph Domingo	MED	74.75289335591543&#xd;
9	Sanda Ryba	DEN	97.80449632538915&#xd;
6	Jenette Flanders	DEN	28.32634976913737&#xd;
22	Margart Vitello	RX	6.488940333376703&#xd;
113		VIS	67.27527802263116&#xd;
11	Marcus Blohm	VIS	87.49924733328717&#xd;
110	Nobuko Linzey	MED	67.40792606687442&#xd;
57	Chad Rahe	RX	27.06916803280036&#xd;
71	Kam Senters	VIS	92.10078400854972&#xd;
74	Leola Lundin	VIS	23.95163257932222&#xd;
64	Whitley Fears	MED	89.61845831842888&#xd;
79	Mariela Sherer	DEN	52.75657259917104&#xd;
90	Osvaldo Hirt	RX	63.0968728899343&#xd;
20	Tressa Schwing	MED	42.17439799514388&#xd;
28	Laureen Salomone	RX	7.697331666318108&#xd;
24	Jesusa Rickenbacker	RX	47.65460674687512&#xd;
114	aimee Zank	VIS	18.92628947700149&#xd;
84	Timothy Harrod	VIS	74.00788699415295&#xd;
53	Malisa Jeanes	RX	61.9194866926309&#xd;
64	Whitley Fears	DEN	82.44879156010508&#xd;
105	Shin Allbright	MED	62.28388941877533&#xd;
117	Bao Ziglar	RX	33.15177269905534&#xd;
5	Wilburn Spiess	RX	63.42288310628662&#xd;
35	Synthia Labelle	DEN	31.28760039265919&#xd;
106	Karry Petrarca	RX	0.3398440134644742&#xd;
28	Laureen Salomone	DEN	7.119462599229987&#xd;
77	Efrain Claw	DEN	31.30359328252952&#xd;
83	Tonisha Games	MED	29.13833807032966&#xd;
47	Kurtis Jiles	VIS	12.10418920555013&#xd;
91	Ty Barbieri	MED	38.43781607953586&#xd;
38	Richelle Siemers	DEN	91.46799649446983&#xd;
91	Ty Barbieri	DEN	95.70340794272111&#xd;
29	Gwyneth Garling	VIS	22.00937866160616&#xd;
30	Kaila Deibler	DEN	56.93965183412178&#xd;
37	Meagan Oakes	MED	86.06759716616264&#xd;
42	Kayce Kenyon	RX	56.66014675388287&#xd;
108	Mikaela Meidinger	MED	63.75595052560389&#xd;
94	Darby Wass	VIS	85.41865347441522&#xd;
29	Gwyneth Garling	DEN	10.37827022865908&#xd;
114	aimee Zank	DEN	96.12953798826392&#xd;
68	Jenise Mcguffie	MED	40.15210496060384&#xd;
100	Demarcus Audette	RX	39.01726616178844&#xd;
35	Synthia Labelle	VIS	29.18912718046906&#xd;
65	Gena Riccio	DEN	67.2413500951588&#xd;
111	Gennie Ratner	MED	62.74309964110307&#xd;
76	Adrien Renda	MED	57.24794864351232&#xd;
26	Jonie Raby	DEN	76.3890359749654&#xd;
12	Quincy Danaher	RX	80.40732356118075&#xd;
53	Malisa Jeanes	DEN	7.172746439960975&#xd;
42	Kayce Kenyon	MED	44.62441703708117&#xd;
85	Rae Kohout	DEN	55.81549538273672&#xd;
94	Darby Wass	RX	26.82623527074511&#xd;
44	Houston Valenti	RX	11.33991806278614&#xd;
67	Merissa Mann	DEN	52.56522605123723&#xd;
80	Echo Pippins	DEN	85.1861976198818&#xd;
118	Zachary Langlais	RX	82.41688205392703&#xd;
105	Shin Allbright	VIS	88.9947941542333&#xd;
107	Beckie Millington	VIS	34.92039455520659&#xd;
39	Mariette Batdorf	VIS	65.88612319625227&#xd;
15	Tambra Mercure	VIS	45.03178973642521&#xd;
33	Sadie Jernigan	RX	82.54104198590488&#xd;
54	Joel Rueter	MED	87.53636893952853&#xd;
77	Efrain Claw	MED	55.41266579085205&#xd;
118	Zachary Langlais	VIS	8.548735651522431&#xd;
93	Lucinda Vanderburg	RX	3.316018745342064&#xd;
73	Devorah Smartt	VIS	55.66005349294464&#xd;
43	Ernestine Macfarland	VIS	31.03031764716336&#xd;
102	Mercedez Garduno	MED	49.52877007656483&#xd;
89	Cassi Heal	DEN	0.006247360551892012&#xd;
104	Brittny Warwick	MED	69.54399888097534&#xd;
27	Edgar Sarkis	VIS	15.33726210596508&#xd;
4	Zachary Langlais	DEN	90.2963101368042&#xd;
49	Dinah Sauve	VIS	72.00519420743191&#xd;
52	Tawana Oberg	RX	68.64511133845058&#xd;
97	Maren Scheider	VIS	6.872536184428357&#xd;
111	Gennie Ratner	VIS	53.11174468047395&#xd;
29	Gwyneth Garling	RX	93.26639335532833&#xd;
119	Wilburn Spiess	MED	52.36963021569788&#xd;
109	Flora Duell	VIS	65.90098502289938&#xd;
73	Devorah Smartt	DEN	6.931507591998553&#xd;
89	Cassi Heal	MED	43.04310994985133&#xd;
48	Barbera Lippman	VIS	64.33897612104403&#xd;
56	Danika Loeffler	DEN	41.75962115078149&#xd;
61	Grady Zemke	MED	51.91561300267121&#xd;
118	Zachary Langlais	MED	62.20457822364115&#xd;
2	Corliss Zuk	DEN	6.301851677835235&#xd;
45	Terica Brugger	VIS	13.3625292343721&#xd;
114	aimee Zank	MED	15.91636686717778&#xd;
88	Keesha Papadopoulos	MED	82.35397321850031&#xd;
65	Gena Riccio	VIS	42.93471779899529&#xd;
8	Daphne Zheng	VIS	75.94123677556644&#xd;
71	Kam Senters	DEN	5.247410853581524&#xd;
105	Shin Allbright	DEN	85.26863799439475&#xd;
42	Kayce Kenyon	VIS	97.43587143437509&#xd;
62	Vina Matsunaga	VIS	46.27059093183421&#xd;
58	Joaquina Arbuckle	VIS	51.51393116681172&#xd;
60	Dusti Lemmond	VIS	81.84258722611811&#xd;
26	Jonie Raby	MED	19.17861192576963&#xd;
18	Verdell Sowinski	MED	62.12870233109035&#xd;
47	Kurtis Jiles	DEN	22.86854192921203&#xd;
96	Milan Mcgavock	VIS	2.815944526266023&#xd;
49	Dinah Sauve	RX	68.40650882547841&#xd;
51	Elizabet Kleine	RX	14.07686094256286&#xd;
91	Ty Barbieri	RX	18.65883614099724&#xd;
11	Marcus Blohm	MED	78.42617835651868&#xd;
13	Jessika Dagenais	DEN	90.3001402468489&#xd;
49	Dinah Sauve	MED	96.64807532447064&#xd;
53	Malisa Jeanes	VIS	80.53328849494751&#xd;
18	Verdell Sowinski	DEN	84.74586220889356&#xd;
45	Terica Brugger	RX	18.91287189072117&#xd;
109	Flora Duell	MED	40.68238966626067&#xd;
81	Linnie Weigel	RX	38.33608066073369&#xd;
95	Omar Bowdoin	VIS	23.73786528217532&#xd;
119	Wilburn Spiess	VIS	61.35034001494281&#xd;
72	Leonida Lafond	VIS	38.22914395140913&#xd;
95	Omar Bowdoin	MED	8.58858127638702&#xd;
10	Denisha Cast	VIS	19.31113429145131&#xd;
28	Laureen Salomone	VIS	82.87308922617427&#xd;
41	Aleida Elsass	DEN	95.25243105389065&#xd;
68	Jenise Mcguffie	DEN	90.60219950183566&#xd;
23	Tamika Schildgen	DEN	64.32927049658846&#xd;
81	Linnie Weigel	VIS	28.82283586295377&#xd;
118	Zachary Langlais	DEN	61.03733414415722&#xd;
6	Jenette Flanders	MED	37.32285459166097&#xd;
39	Mariette Batdorf	MED	0.04381116979284005&#xd;
66	Kim Xu	MED	19.96531774799065&#xd;
18	Verdell Sowinski	RX	69.09840625499065&#xd;
113		DEN	13.28135073340091&#xd;
109	Flora Duell	DEN	46.77972040308903&#xd;
90	Osvaldo Hirt	MED	67.44931456608883&#xd;
66	Kim Xu	RX	57.32983091095816&#xd;
17	Fletcher Mcconnell	VIS	31.15090466987088&#xd;
100	Demarcus Audette	DEN	44.83416623719906&#xd;
98	Carli Ector	RX	96.33612053785647&#xd;
24	Jesusa Rickenbacker	MED	86.0319702155683&#xd;
19	Gisela Levin	MED	44.51211101958831&#xd;
16	Dodie Staller	VIS	80.52136407989194&#xd;
74	Leola Lundin	MED	31.62936464207764&#xd;
38	Richelle Siemers	RX	56.12615074082559&#xd;
110	Nobuko Linzey	VIS	47.44831568815929&#xd;
104	Brittny Warwick	DEN	82.00469934215849&#xd;
2	Corliss Zuk	RX	66.28344683278382&#xd;
12	Quincy Danaher	VIS	14.78936520432093&#xd;
45	Terica Brugger	MED	42.1011312120801&#xd;
39	Mariette Batdorf	DEN	90.25774974259562&#xd;
57	Chad Rahe	MED	40.84572027366789&#xd;
17	Fletcher Mcconnell	RX	97.70116640402922&#xd;
69	Cody Strouth	MED	4.784730508547719&#xd;
82	Santiago Dollins	DEN	60.49199094204558&#xd;
60	Dusti Lemmond	RX	24.70433764307496&#xd;
71	Kam Senters	RX	55.4770385973351&#xd;
119	Wilburn Spiess	RX	28.10477578379966&#xd;
8	Daphne Zheng	RX	73.2975330340769&#xd;
19	Gisela Levin	VIS	93.36341655949683&#xd;
63	Rubie Winton	RX	0.6444077420911576&#xd;
69	Cody Strouth	RX	97.89665889862901&#xd;
59	Vinnie Auerbach	VIS	28.5905754294006&#xd;
75	Tonia Surace	RX	41.34308724166419&#xd;
63	Rubie Winton	MED	7.176062073558509&#xd;
50	Alica Pasley	RX	51.04001259232448&#xd;
74	Leola Lundin	RX	93.71671632774428&#xd;
15	Tambra Mercure	DEN	3.311794422000724&#xd;
46	Lady Lefevers	VIS	48.42527123437286&#xd;
92	Ta Sikorski	RX	61.82907698626848&#xd;
51	Elizabet Kleine	MED	86.81245449846962&#xd;
57	Chad Rahe	VIS	93.12112348179406&#xd;
92	Ta Sikorski	VIS	31.70116444848026&#xd;
51	Elizabet Kleine	VIS	77.94001750905642&#xd;
107	Beckie Millington	DEN	24.85411404016219&#xd;
28	Laureen Salomone	MED	3.677565278992456&#xd;
87	Toshiko Sabella	DEN	26.43387483146958&#xd;
83	Tonisha Games	RX	20.04018866516366&#xd;
64	Whitley Fears	VIS	92.2308421188758&#xd;
91	Ty Barbieri	VIS	72.80272364761178&#xd;
41	Aleida Elsass	VIS	68.05980405338909&#xd;
73	Devorah Smartt	MED	69.60160495436016&#xd;
50	Alica Pasley	VIS	60.62755218680213&#xd;
32	Gwen Honig	MED	87.14345376886205&#xd;
102	Mercedez Garduno	DEN	44.55505066212384&#xd;
26	Jonie Raby	VIS	44.39605672647002&#xd;
89	Cassi Heal	VIS	63.88558436723092&#xd;
103	Fleta Duplantis	DEN	15.95792143439528&#xd;
101	Tania Hulett	RX	79.60533635579307&#xd;
104	Brittny Warwick	RX	95.96446106607902&#xd;
115	Aurelia Menendez	RX	92.62414866541212&#xd;
60	Dusti Lemmond	DEN	83.24439414725833&#xd;
41	Aleida Elsass	RX	19.39841999081942&#xd;
88	Keesha Papadopoulos	RX	92.99045377889979&#xd;
80	Echo Pippins	VIS	75.62132497619177&#xd;
107	Beckie Millington	RX	29.82403628902139&#xd;
79	Mariela Sherer	MED	61.20158144877323&#xd;
38	Richelle Siemers	VIS	31.74461197651704&#xd;
111	Gennie Ratner	RX	34.50565589246531&#xd;
61	Grady Zemke	RX	34.13252938412605&#xd;
44	Houston Valenti	VIS	15.2177618920215&#xd;
78	Len Treiber	DEN	13.2282768150266&#xd;
36	Eugene Magdaleno	RX	39.44092839803375&#xd;
75	Tonia Surace	VIS	27.51843538237827&#xd;
75	Tonia Surace	DEN	79.54620208144452&#xd;
76	Adrien Renda	RX	70.71043448913191&#xd;
56	Danika Loeffler	MED	21.54531707142236&#xd;
39	Mariette Batdorf	RX	16.40598305673743&#xd;
87	Toshiko Sabella	VIS	18.96368757115227&#xd;
95	Omar Bowdoin	RX	25.71387474240768&#xd;
58	Joaquina Arbuckle	MED	28.66671659815553&#xd;
93	Lucinda Vanderburg	DEN	11.45699271327768&#xd;
24	Jesusa Rickenbacker	DEN	1.967495200433389&#xd;

Common between SQL &amp; MQL Output:&#xd;
1	Aurelia Menendez	VIS	71.76133439165544&#xd;
0	aimee Zank	RX	35.8740349954354&#xd;
1	Aurelia Menendez	DEN	52.79790691903873&#xd;
0	aimee Zank	DEN	11.78273309957772&#xd;
1	Aurelia Menendez	RX	34.85718117893772&#xd;
0	aimee Zank	MED	1.463179736705023&#xd;
1	Aurelia Menendez	MED	60.06045071030959&#xd;
</responseData>
  <responseFile class="java.lang.String"></responseFile>
  <samplerData class="java.lang.String">Working Directory: C:\Users\tatai\OneDrive\apache-jmeter-3.3\lib
Environment: {}
Executing: cmd /c java -jar cts.mars_suite.jar sqlVsMql C:\Users\tatai\Dropbox\Career\Skills\Jmeter_Frameworks\bin\MARS_Mongo\temp\sql.log C:\Users\tatai\Dropbox\Career\Skills\Jmeter_Frameworks\bin\MARS_Mongo\temp\mql.log</samplerData>
</sample>
<sample t="44" it="0" lt="0" ct="0" ts="1529513591558" s="true" lb="" rc="0" rm="OK" tn="SQL &amp; Mongo Thread 2-1" dt="text" de="" by="0" sby="0" sc="1" ec="0" ng="1" na="1" hn="TV_LAPTOP">
  <responseHeader class="java.lang.String"></responseHeader>
  <requestHeader class="java.lang.String"></requestHeader>
  <responseData class="java.lang.String"></responseData>
  <responseFile class="java.lang.String"></responseFile>
  <samplerData class="java.lang.String">Working Directory: C:\Users\tatai\OneDrive\apache-jmeter-3.3\bin
Environment: {}
Executing: cmd /c echo db.members.aggregate({$match:{_id: {$in: [0,1] }}},{$unwind: &apos;$coverages&apos;},{$group: { _id : &apos;$_id&apos;, &apos;count&apos;: {$sum:1}}},{$project :{_id:1,count:1}}).forEach(function(x){print(x._id+ &apos;\t&apos; +x.count)}) &gt; C:\Users\tatai\Dropbox\Career\Skills\Jmeter_Frameworks\bin\MARS_Mongo\temp\command.js</samplerData>
</sample>
<sample t="84" it="0" lt="84" ct="0" ts="1529513592603" s="true" lb="AWS  RDS  SQL" rc="200" rm="OK" tn="SQL &amp; Mongo Thread 2-1" dt="text" de="UTF-8" by="19" sby="0" sc="1" ec="0" ng="1" na="1" hn="TV_LAPTOP">
  <responseHeader class="java.lang.String">shared:true, driver:oracle.jdbc.driver.OracleDriver, url:jdbc:oracle:thin:@//myrdsorcl.cahrgql4rsph.us-east-2.rds.amazonaws.com:1521/ORCL, user:tataiermail</responseHeader>
  <requestHeader class="java.lang.String"></requestHeader>
  <responseData class="java.lang.String">MBR_ID	CNT
1	4
0	4
</responseData>
  <responseFile class="java.lang.String">C:\Users\tatai\Dropbox\Career\Skills\Jmeter_Frameworks\bin\MARS_Mongo\temp\sql.log</responseFile>
  <samplerData class="java.lang.String">[Select Statement] select MBR_ID, COUNT(*) CNT FROM M_COVERAGES WHERE MBR_ID IN (0,1) GROUP BY MBR_ID

</samplerData>
</sample>
<sample t="1225" it="0" lt="0" ct="0" ts="1529513593692" s="true" lb="mLab Cloud MQL" rc="0" rm="OK" tn="SQL &amp; Mongo Thread 2-1" dt="text" de="" by="10" sby="0" sc="1" ec="0" ng="1" na="1" hn="TV_LAPTOP">
  <responseHeader class="java.lang.String"></responseHeader>
  <requestHeader class="java.lang.String"></requestHeader>
  <responseData class="java.lang.String">1	4&#xd;
0	4&#xd;
</responseData>
  <responseFile class="java.lang.String">C:\Users\tatai\Dropbox\Career\Skills\Jmeter_Frameworks\bin\MARS_Mongo\temp\mql.log</responseFile>
  <samplerData class="java.lang.String">Working Directory: C:\Users\tatai\OneDrive\apache-jmeter-3.3\bin
Environment: {}
Executing: cmd /c mongo --username suman --password suman123 --quiet ds147480.mlab.com:47480/deliverdb &lt; C:\Users\tatai\Dropbox\Career\Skills\Jmeter_Frameworks\bin\MARS_Mongo\temp\command.js</samplerData>
</sample>
<sample t="330" it="0" lt="0" ct="0" ts="1529513595977" s="true" lb="Comparator - Verify that Specifc members present in Database have same Number of Coverages in MongoDB" rc="0" rm="OK" tn="SQL &amp; Mongo Thread 2-1" dt="text" de="" by="555" sby="0" sc="1" ec="0" ng="1" na="1" hn="TV_LAPTOP">
  <assertionResult>
    <name>Test Case - Verify that Specifc members present in Database have same Number of Coverages in MongoDB</name>
    <failure>false</failure>
    <error>false</error>
  </assertionResult>
  <responseHeader class="java.lang.String"></responseHeader>
  <requestHeader class="java.lang.String"></requestHeader>
  <responseData class="java.lang.String">Comparison SUMMARY Report on SQL &amp; MongoQL Results&#xd;
==================================================&#xd;
Record Count of SQL : 2&#xd;
Record Count of MQL : 2&#xd;
Record Count in SQL resultset which are absent/differnt in MQL : 0&#xd;
Record Count in MQL resultset which are absent/differnt in SQL : 0&#xd;
Record Count of common Data in SQL &amp; MQL : 2

&#xd;
Comparison DETAIL Report on SQL &amp; MongoQL Results&#xd;
===================================================&#xd;
MBR_ID	CNT&#xd;

Extra in SQL Output: :: 0&#xd;

Extra in MQL Output: :: 0&#xd;

Common between SQL &amp; MQL Output:&#xd;
0	4&#xd;
1	4&#xd;
</responseData>
  <responseFile class="java.lang.String"></responseFile>
  <samplerData class="java.lang.String">Working Directory: C:\Users\tatai\OneDrive\apache-jmeter-3.3\lib
Environment: {}
Executing: cmd /c java -jar cts.mars_suite.jar sqlVsMql C:\Users\tatai\Dropbox\Career\Skills\Jmeter_Frameworks\bin\MARS_Mongo\temp\sql.log C:\Users\tatai\Dropbox\Career\Skills\Jmeter_Frameworks\bin\MARS_Mongo\temp\mql.log</samplerData>
</sample>
<sample t="38" it="0" lt="0" ct="0" ts="1529513597354" s="true" lb="" rc="0" rm="OK" tn="SQL &amp; Mongo Thread 2-1" dt="text" de="" by="0" sby="0" sc="1" ec="0" ng="1" na="1" hn="TV_LAPTOP">
  <responseHeader class="java.lang.String"></responseHeader>
  <requestHeader class="java.lang.String"></requestHeader>
  <responseData class="java.lang.String"></responseData>
  <responseFile class="java.lang.String"></responseFile>
  <samplerData class="java.lang.String">Working Directory: C:\Users\tatai\OneDrive\apache-jmeter-3.3\bin
Environment: {}
Executing: cmd /c echo db.members.aggregate({$unwind: &apos;$coverages&apos;},{$group: { _id : &apos;$_id&apos;, &apos;count&apos;: {$sum:1}}},{$project :{_id:1,count:1}}).forEach(function(x){print(x._id+ &apos;\t&apos; +x.count)}) &gt; C:\Users\tatai\Dropbox\Career\Skills\Jmeter_Frameworks\bin\MARS_Mongo\temp\command.js</samplerData>
</sample>
<sample t="36" it="0" lt="36" ct="0" ts="1529513598393" s="true" lb="AWS  RDS  SQL" rc="200" rm="OK" tn="SQL &amp; Mongo Thread 2-1" dt="text" de="UTF-8" by="19" sby="0" sc="1" ec="0" ng="1" na="1" hn="TV_LAPTOP">
  <responseHeader class="java.lang.String">shared:true, driver:oracle.jdbc.driver.OracleDriver, url:jdbc:oracle:thin:@//myrdsorcl.cahrgql4rsph.us-east-2.rds.amazonaws.com:1521/ORCL, user:tataiermail</responseHeader>
  <requestHeader class="java.lang.String"></requestHeader>
  <responseData class="java.lang.String">MBR_ID	CNT
1	4
0	4
</responseData>
  <responseFile class="java.lang.String">C:\Users\tatai\Dropbox\Career\Skills\Jmeter_Frameworks\bin\MARS_Mongo\temp\sql.log</responseFile>
  <samplerData class="java.lang.String">[Select Statement] select MBR_ID, COUNT(*) CNT FROM M_COVERAGES GROUP BY MBR_ID

</samplerData>
</sample>
<sample t="1152" it="0" lt="0" ct="0" ts="1529513599435" s="true" lb="mLab Cloud MQL" rc="0" rm="OK" tn="SQL &amp; Mongo Thread 2-1" dt="text" de="" by="730" sby="0" sc="1" ec="0" ng="1" na="1" hn="TV_LAPTOP">
  <responseHeader class="java.lang.String"></responseHeader>
  <requestHeader class="java.lang.String"></requestHeader>
  <responseData class="java.lang.String">88	4&#xd;
86	4&#xd;
85	4&#xd;
84	4&#xd;
83	4&#xd;
82	4&#xd;
81	4&#xd;
80	4&#xd;
76	4&#xd;
75	4&#xd;
74	4&#xd;
73	4&#xd;
72	4&#xd;
70	4&#xd;
69	4&#xd;
68	4&#xd;
67	4&#xd;
66	4&#xd;
65	4&#xd;
90	4&#xd;
87	4&#xd;
10	4&#xd;
6	4&#xd;
49	4&#xd;
2	4&#xd;
43	4&#xd;
118	4&#xd;
117	4&#xd;
42	4&#xd;
116	4&#xd;
79	4&#xd;
9	4&#xd;
115	4&#xd;
5	4&#xd;
41	4&#xd;
114	4&#xd;
119	4&#xd;
14	4&#xd;
113	4&#xd;
40	4&#xd;
112	4&#xd;
39	4&#xd;
98	4&#xd;
97	4&#xd;
32	4&#xd;
96	4&#xd;
11	4&#xd;
95	4&#xd;
94	4&#xd;
93	4&#xd;
31	4&#xd;
89	4&#xd;
30	4&#xd;
4	4&#xd;
99	4&#xd;
33	4&#xd;
7	4&#xd;
57	4&#xd;
91	4&#xd;
92	4&#xd;
111	4&#xd;
13	4&#xd;
106	4&#xd;
100	4&#xd;
101	4&#xd;
34	4&#xd;
77	4&#xd;
0	4&#xd;
102	4&#xd;
78	4&#xd;
1	4&#xd;
12	4&#xd;
103	4&#xd;
35	4&#xd;
104	4&#xd;
3	4&#xd;
105	4&#xd;
36	4&#xd;
71	4&#xd;
8	4&#xd;
107	4&#xd;
37	4&#xd;
108	4&#xd;
109	4&#xd;
38	4&#xd;
110	4&#xd;
15	4&#xd;
16	4&#xd;
17	4&#xd;
18	4&#xd;
19	4&#xd;
20	4&#xd;
21	4&#xd;
22	4&#xd;
23	4&#xd;
24	4&#xd;
25	4&#xd;
26	4&#xd;
27	4&#xd;
28	4&#xd;
29	4&#xd;
44	4&#xd;
45	4&#xd;
46	4&#xd;
47	4&#xd;
48	4&#xd;
50	4&#xd;
51	4&#xd;
52	4&#xd;
53	4&#xd;
54	4&#xd;
55	4&#xd;
56	4&#xd;
58	4&#xd;
59	4&#xd;
60	4&#xd;
61	4&#xd;
62	4&#xd;
63	4&#xd;
64	4&#xd;
</responseData>
  <responseFile class="java.lang.String">C:\Users\tatai\Dropbox\Career\Skills\Jmeter_Frameworks\bin\MARS_Mongo\temp\mql.log</responseFile>
  <samplerData class="java.lang.String">Working Directory: C:\Users\tatai\OneDrive\apache-jmeter-3.3\bin
Environment: {}
Executing: cmd /c mongo --username suman --password suman123 --quiet ds147480.mlab.com:47480/deliverdb &lt; C:\Users\tatai\Dropbox\Career\Skills\Jmeter_Frameworks\bin\MARS_Mongo\temp\command.js</samplerData>
</sample>
<sample t="223" it="0" lt="0" ct="0" ts="1529513601590" s="false" lb="Comparator - Verify that Database and MongoDB have exactly the same number of Members and Coverages" rc="0" rm="OK" tn="SQL &amp; Mongo Thread 2-1" dt="text" de="" by="1274" sby="0" sc="1" ec="1" ng="1" na="1" hn="TV_LAPTOP">
  <assertionResult>
    <name>Test Case - Verify that Database and MongoDB have exactly the same number of Members and Coverages</name>
    <failure>true</failure>
    <error>false</error>
    <failureMessage>Test failed: text expected to contain /Extra in MQL Output: :: 0/</failureMessage>
  </assertionResult>
  <responseHeader class="java.lang.String"></responseHeader>
  <requestHeader class="java.lang.String"></requestHeader>
  <responseData class="java.lang.String">Comparison SUMMARY Report on SQL &amp; MongoQL Results&#xd;
==================================================&#xd;
Record Count of SQL : 2&#xd;
Record Count of MQL : 120&#xd;
Record Count in SQL resultset which are absent/differnt in MQL : 0&#xd;
Record Count in MQL resultset which are absent/differnt in SQL : 118&#xd;
Record Count of common Data in SQL &amp; MQL : 2

&#xd;
Comparison DETAIL Report on SQL &amp; MongoQL Results&#xd;
===================================================&#xd;
MBR_ID	CNT&#xd;

Extra in SQL Output: :: 0&#xd;

Extra in MQL Output:&#xd;
6	4&#xd;
28	4&#xd;
105	4&#xd;
109	4&#xd;
85	4&#xd;
66	4&#xd;
43	4&#xd;
112	4&#xd;
89	4&#xd;
47	4&#xd;
24	4&#xd;
81	4&#xd;
20	4&#xd;
62	4&#xd;
16	4&#xd;
116	4&#xd;
39	4&#xd;
96	4&#xd;
77	4&#xd;
54	4&#xd;
100	4&#xd;
58	4&#xd;
35	4&#xd;
12	4&#xd;
73	4&#xd;
31	4&#xd;
92	4&#xd;
50	4&#xd;
5	4&#xd;
9	4&#xd;
27	4&#xd;
106	4&#xd;
88	4&#xd;
42	4&#xd;
65	4&#xd;
46	4&#xd;
69	4&#xd;
113	4&#xd;
80	4&#xd;
23	4&#xd;
84	4&#xd;
61	4&#xd;
19	4&#xd;
38	4&#xd;
117	4&#xd;
99	4&#xd;
53	4&#xd;
76	4&#xd;
101	4&#xd;
57	4&#xd;
15	4&#xd;
91	4&#xd;
34	4&#xd;
11	4&#xd;
95	4&#xd;
72	4&#xd;
30	4&#xd;
4	4&#xd;
8	4&#xd;
49	4&#xd;
107	4&#xd;
87	4&#xd;
41	4&#xd;
64	4&#xd;
110	4&#xd;
68	4&#xd;
45	4&#xd;
114	4&#xd;
26	4&#xd;
83	4&#xd;
22	4&#xd;
60	4&#xd;
18	4&#xd;
118	4&#xd;
75	4&#xd;
98	4&#xd;
52	4&#xd;
79	4&#xd;
56	4&#xd;
102	4&#xd;
90	4&#xd;
37	4&#xd;
14	4&#xd;
10	4&#xd;
94	4&#xd;
33	4&#xd;
71	4&#xd;
3	4&#xd;
7	4&#xd;
29	4&#xd;
104	4&#xd;
108	4&#xd;
63	4&#xd;
86	4&#xd;
44	4&#xd;
67	4&#xd;
111	4&#xd;
48	4&#xd;
25	4&#xd;
21	4&#xd;
82	4&#xd;
40	4&#xd;
17	4&#xd;
115	4&#xd;
119	4&#xd;
74	4&#xd;
97	4&#xd;
55	4&#xd;
78	4&#xd;
103	4&#xd;
59	4&#xd;
36	4&#xd;
13	4&#xd;
70	4&#xd;
2	4&#xd;
32	4&#xd;
93	4&#xd;
51	4&#xd;

Common between SQL &amp; MQL Output:&#xd;
0	4&#xd;
1	4&#xd;
</responseData>
  <responseFile class="java.lang.String"></responseFile>
  <samplerData class="java.lang.String">Working Directory: C:\Users\tatai\OneDrive\apache-jmeter-3.3\lib
Environment: {}
Executing: cmd /c java -jar cts.mars_suite.jar sqlVsMql C:\Users\tatai\Dropbox\Career\Skills\Jmeter_Frameworks\bin\MARS_Mongo\temp\sql.log C:\Users\tatai\Dropbox\Career\Skills\Jmeter_Frameworks\bin\MARS_Mongo\temp\mql.log</samplerData>
</sample>

</testResults>
