Run;Test_Case_Description;sql;mql;
N;Verify Member &Coverage data has been migrated from Database to MongoDB;select M.*, CV.COVERAGE_TYPE, CV.CLAIM_AMT from M_MEMBER M INNER JOIN M_COVERAGES CV ON M.MBR_ID = CV.MBR_ID;db.members.aggregate([{$unwind: '$coverages'}]).forEach(function(x){print(x._id + '\t' + x.mbr_name + '\t' + x.coverages.type + '\t' + x.coverages.claim_amt)});-;
Y;Verify Multi Table Data transfer from Database to Mongo;select M.*, CV.COVERAGE_TYPE, CV.CLAIM_AMT from M_MEMBER M INNER JOIN M_COVERAGES CV ON M.MBR_ID = CV.MBR_ID;db.members.aggregate([{$unwind: '$coverages'}]).forEach(function(x){print(x._id + '\t' + x.mbr_name + '\t' + x.coverages.type + '\t' + x.coverages.claim_amt)});-;
Y;Verify that Specifc members present in Database have same Number of Coverages in MongoDB;select MBR_ID, COUNT(*) CNT FROM M_COVERAGES WHERE MBR_ID IN (0,1) GROUP BY MBR_ID;db.members.aggregate({$match:{_id: {$in: [0,1] }}},{$unwind: '$coverages'},{$group: { _id : '$_id', 'count': {$sum:1}}},{$project :{_id:1,count:1}}).forEach(function(x){print(x._id+ '\t' +x.count)});-;
Y;Verify that Database and MongoDB have exactly the same number of Members and Coverages;select MBR_ID, COUNT(*) CNT FROM M_COVERAGES GROUP BY MBR_ID;db.members.aggregate({$unwind: '$coverages'},{$group: { _id : '$_id', 'count': {$sum:1}}},{$project :{_id:1,count:1}}).forEach(function(x){print(x._id+ '\t' +x.count)});-;
