{ "_id" : 0, "mbr_name" : "aimee Zank", "coverages" : [ { "type" : "MED", "claim_amt" : 1.463179736705023 }, { "type" : "DEN", "claim_amt" : 11.78273309957772 }, { "type" : "VIS", "claim_amt" : 6.676176060654615 }, { "type" : "RX", "claim_amt" : 35.8740349954354 } ] }
{ "_id" : 1, "mbr_name" : "Aurelia Menendez", "coverages" : [ { "type" : "MED", "claim_amt" : 60.06045071030959 }, { "type" : "DEN", "claim_amt" : 52.79790691903873 }, { "type" : "VIS", "claim_amt" : 71.76133439165544 }, { "type" : "RX", "claim_amt" : 34.85718117893772 } ] }
{ "_id" : 2, "mbr_name" : "Corliss Zuk", "coverages" : [ { "type" : "MED", "claim_amt" : 67.03077096065002 }, { "type" : "DEN", "claim_amt" : 6.301851677835235 }, { "type" : "VIS", "claim_amt" : 20.18160621941858 }, { "type" : "RX", "claim_amt" : 66.28344683278382 } ] }
{ "_id" : 3, "mbr_name" : "Bao Ziglar", "coverages" : [ { "type" : "MED", "claim_amt" : 71.64343899778332 }, { "type" : "DEN", "claim_amt" : 24.80221293650313 }, { "type" : "VIS", "claim_amt" : 1.694720653897219 }, { "type" : "RX", "claim_amt" : 42.26147058804812 } ] }
{ "_id" : 4, "mbr_name" : "Zachary Langlais", "coverages" : [ { "type" : "MED", "claim_amt" : 78.68385091304332 }, { "type" : "DEN", "claim_amt" : 90.29631013680419 }, { "type" : "VIS", "claim_amt" : 34.41620148042529 }, { "type" : "RX", "claim_amt" : 19.21886443577987 } ] }
{ "_id" : 5, "mbr_name" : "Wilburn Spiess", "coverages" : [ { "type" : "MED", "claim_amt" : 44.87186330181261 }, { "type" : "DEN", "claim_amt" : 25.72395114668016 }, { "type" : "VIS", "claim_amt" : 10.53058536508186 }, { "type" : "RX", "claim_amt" : 63.42288310628662 } ] }
{ "_id" : 6, "mbr_name" : "Jenette Flanders", "coverages" : [ { "type" : "MED", "claim_amt" : 37.32285459166097 }, { "type" : "DEN", "claim_amt" : 28.32634976913737 }, { "type" : "VIS", "claim_amt" : 16.58341639738951 }, { "type" : "RX", "claim_amt" : 81.57115318686338 } ] }
{ "_id" : 7, "mbr_name" : "Salena Olmos", "coverages" : [ { "type" : "MED", "claim_amt" : 90.37826509157176 }, { "type" : "DEN", "claim_amt" : 42.48780666956811 }, { "type" : "VIS", "claim_amt" : 67.18328596625217 }, { "type" : "RX", "claim_amt" : 96.52986171633331 } ] }
{ "_id" : 8, "mbr_name" : "Daphne Zheng", "coverages" : [ { "type" : "MED", "claim_amt" : 22.13583712862635 }, { "type" : "DEN", "claim_amt" : 14.63969941335069 }, { "type" : "VIS", "claim_amt" : 75.94123677556644 }, { "type" : "RX", "claim_amt" : 73.29753303407691 } ] }
{ "_id" : 9, "mbr_name" : "Sanda Ryba", "coverages" : [ { "type" : "MED", "claim_amt" : 97.00509953654694 }, { "type" : "DEN", "claim_amt" : 97.80449632538915 }, { "type" : "VIS", "claim_amt" : 12.47568017314781 }, { "type" : "RX", "claim_amt" : 25.27368532432955 } ] }
{ "_id" : 10, "mbr_name" : "Denisha Cast", "coverages" : [ { "type" : "MED", "claim_amt" : 45.61876862259409 }, { "type" : "DEN", "claim_amt" : 98.35723209418343 }, { "type" : "VIS", "claim_amt" : 19.31113429145131 }, { "type" : "RX", "claim_amt" : 55.90835657173456 } ] }
{ "_id" : 11, "mbr_name" : "Marcus Blohm", "coverages" : [ { "type" : "MED", "claim_amt" : 78.42617835651868 }, { "type" : "DEN", "claim_amt" : 82.58372817930675 }, { "type" : "VIS", "claim_amt" : 87.49924733328717 }, { "type" : "RX", "claim_amt" : 15.81264595052612 } ] }
{ "_id" : 12, "mbr_name" : "Quincy Danaher", "coverages" : [ { "type" : "MED", "claim_amt" : 54.29841278520669 }, { "type" : "DEN", "claim_amt" : 85.61270164694737 }, { "type" : "VIS", "claim_amt" : 14.78936520432093 }, { "type" : "RX", "claim_amt" : 80.40732356118075 } ] }
{ "_id" : 13, "mbr_name" : "Jessika Dagenais", "coverages" : [ { "type" : "MED", "claim_amt" : 90.47179954427436 }, { "type" : "DEN", "claim_amt" : 90.3001402468489 }, { "type" : "VIS", "claim_amt" : 95.17753772405909 }, { "type" : "RX", "claim_amt" : 78.18795058912879 } ] }
{ "_id" : 14, "mbr_name" : "Alix Sherrill", "coverages" : [ { "type" : "MED", "claim_amt" : 25.15924151998215 }, { "type" : "DEN", "claim_amt" : 68.64484047692098 }, { "type" : "VIS", "claim_amt" : 13.66179556675781 }, { "type" : "RX", "claim_amt" : 24.68462152686763 } ] }
{ "_id" : 15, "mbr_name" : "Tambra Mercure", "coverages" : [ { "type" : "MED", "claim_amt" : 69.15650225331579 }, { "type" : "DEN", "claim_amt" : 3.311794422000724 }, { "type" : "VIS", "claim_amt" : 45.03178973642521 }, { "type" : "RX", "claim_amt" : 42.19409476640781 } ] }
{ "_id" : 16, "mbr_name" : "Dodie Staller", "coverages" : [ { "type" : "MED", "claim_amt" : 7.772386442858281 }, { "type" : "DEN", "claim_amt" : 31.84300235104542 }, { "type" : "VIS", "claim_amt" : 80.52136407989194 }, { "type" : "RX", "claim_amt" : 70.3632405320854 } ] }
{ "_id" : 17, "mbr_name" : "Fletcher Mcconnell", "coverages" : [ { "type" : "MED", "claim_amt" : 39.41011069729274 }, { "type" : "DEN", "claim_amt" : 81.13270307809924 }, { "type" : "VIS", "claim_amt" : 31.15090466987088 }, { "type" : "RX", "claim_amt" : 97.70116640402922 } ] }
{ "_id" : 18, "mbr_name" : "Verdell Sowinski", "coverages" : [ { "type" : "MED", "claim_amt" : 62.12870233109035 }, { "type" : "DEN", "claim_amt" : 84.74586220889356 }, { "type" : "VIS", "claim_amt" : 81.58947824932574 }, { "type" : "RX", "claim_amt" : 69.09840625499065 } ] }
{ "_id" : 19, "mbr_name" : "Gisela Levin", "coverages" : [ { "type" : "MED", "claim_amt" : 44.51211101958831 }, { "type" : "DEN", "claim_amt" : 0.6578497966368002 }, { "type" : "VIS", "claim_amt" : 93.36341655949683 }, { "type" : "RX", "claim_amt" : 49.43132782777443 } ] }
{ "_id" : 20, "mbr_name" : "Tressa Schwing", "coverages" : [ { "type" : "MED", "claim_amt" : 42.17439799514388 }, { "type" : "DEN", "claim_amt" : 71.99314840599558 }, { "type" : "VIS", "claim_amt" : 81.23972632069464 }, { "type" : "RX", "claim_amt" : 48.33010230766873 } ] }
{ "_id" : 21, "mbr_name" : "Rosana Vales", "coverages" : [ { "type" : "MED", "claim_amt" : 46.2289476258328 }, { "type" : "DEN", "claim_amt" : 98.34164225207036 }, { "type" : "VIS", "claim_amt" : 11.61342324347139 }, { "type" : "RX", "claim_amt" : 36.18769746805938 } ] }
{ "_id" : 22, "mbr_name" : "Margart Vitello", "coverages" : [ { "type" : "MED", "claim_amt" : 75.04996547553947 }, { "type" : "DEN", "claim_amt" : 10.23046475899236 }, { "type" : "VIS", "claim_amt" : 96.72520512117761 }, { "type" : "RX", "claim_amt" : 6.488940333376703 } ] }
{ "_id" : 23, "mbr_name" : "Tamika Schildgen", "coverages" : [ { "type" : "MED", "claim_amt" : 45.65432764125526 }, { "type" : "DEN", "claim_amt" : 64.32927049658846 }, { "type" : "VIS", "claim_amt" : 83.53933351660562 }, { "type" : "RX", "claim_amt" : 64.53669892045296 } ] }
{ "_id" : 24, "mbr_name" : "Jesusa Rickenbacker", "coverages" : [ { "type" : "MED", "claim_amt" : 86.03197021556829 }, { "type" : "DEN", "claim_amt" : 1.967495200433389 }, { "type" : "VIS", "claim_amt" : 61.10861071547914 }, { "type" : "RX", "claim_amt" : 47.65460674687512 } ] }
{ "_id" : 25, "mbr_name" : "Rudolph Domingo", "coverages" : [ { "type" : "MED", "claim_amt" : 74.75289335591543 }, { "type" : "DEN", "claim_amt" : 38.5413647805495 }, { "type" : "VIS", "claim_amt" : 35.2554340953413 }, { "type" : "RX", "claim_amt" : 6.94324481190195 } ] }
{ "_id" : 26, "mbr_name" : "Jonie Raby", "coverages" : [ { "type" : "MED", "claim_amt" : 19.17861192576963 }, { "type" : "DEN", "claim_amt" : 76.3890359749654 }, { "type" : "VIS", "claim_amt" : 44.39605672647002 }, { "type" : "RX", "claim_amt" : 5.668263730201028 } ] }
{ "_id" : 27, "mbr_name" : "Edgar Sarkis", "coverages" : [ { "type" : "MED", "claim_amt" : 8.606983261043888 }, { "type" : "DEN", "claim_amt" : 58.71180464203724 }, { "type" : "VIS", "claim_amt" : 15.33726210596508 }, { "type" : "RX", "claim_amt" : 14.35947594380606 } ] }
{ "_id" : 28, "mbr_name" : "Laureen Salomone", "coverages" : [ { "type" : "MED", "claim_amt" : 3.677565278992456 }, { "type" : "DEN", "claim_amt" : 7.119462599229987 }, { "type" : "VIS", "claim_amt" : 82.87308922617427 }, { "type" : "RX", "claim_amt" : 7.697331666318108 } ] }
{ "_id" : 29, "mbr_name" : "Gwyneth Garling", "coverages" : [ { "type" : "MED", "claim_amt" : 48.36644963899371 }, { "type" : "DEN", "claim_amt" : 10.37827022865908 }, { "type" : "VIS", "claim_amt" : 22.00937866160616 }, { "type" : "RX", "claim_amt" : 93.26639335532833 } ] }
{ "_id" : 30, "mbr_name" : "Kaila Deibler", "coverages" : [ { "type" : "MED", "claim_amt" : 15.89771199662455 }, { "type" : "DEN", "claim_amt" : 56.93965183412178 }, { "type" : "VIS", "claim_amt" : 66.64493295066322 }, { "type" : "RX", "claim_amt" : 27.25353739456094 } ] }
{ "_id" : 31, "mbr_name" : "Tandra Meadows", "coverages" : [ { "type" : "MED", "claim_amt" : 24.90138146001744 }, { "type" : "DEN", "claim_amt" : 28.8266541837344 }, { "type" : "VIS", "claim_amt" : 13.53683769386709 }, { "type" : "RX", "claim_amt" : 97.16831550665721 } ] }
{ "_id" : 32, "mbr_name" : "Gwen Honig", "coverages" : [ { "type" : "MED", "claim_amt" : 87.14345376886205 }, { "type" : "DEN", "claim_amt" : 99.45824441135635 }, { "type" : "VIS", "claim_amt" : 35.3788193463544 }, { "type" : "RX", "claim_amt" : 76.66460454219344 } ] }
{ "_id" : 33, "mbr_name" : "Sadie Jernigan", "coverages" : [ { "type" : "MED", "claim_amt" : 73.15861249943812 }, { "type" : "DEN", "claim_amt" : 2.987718065941702 }, { "type" : "VIS", "claim_amt" : 51.81946118482261 }, { "type" : "RX", "claim_amt" : 82.54104198590488 } ] }
{ "_id" : 34, "mbr_name" : "Carli Belvins", "coverages" : [ { "type" : "MED", "claim_amt" : 7.112266875518214 }, { "type" : "DEN", "claim_amt" : 67.734668378287 }, { "type" : "VIS", "claim_amt" : 32.25008698445316 }, { "type" : "RX", "claim_amt" : 88.99855402666871 } ] }
{ "_id" : 35, "mbr_name" : "Synthia Labelle", "coverages" : [ { "type" : "MED", "claim_amt" : 27.22049103148209 }, { "type" : "DEN", "claim_amt" : 31.28760039265919 }, { "type" : "VIS", "claim_amt" : 29.18912718046906 }, { "type" : "RX", "claim_amt" : 79.23285425688643 } ] }
{ "_id" : 36, "mbr_name" : "Eugene Magdaleno", "coverages" : [ { "type" : "MED", "claim_amt" : 73.055900093666 }, { "type" : "DEN", "claim_amt" : 79.85621560462026 }, { "type" : "VIS", "claim_amt" : 66.09143669040472 }, { "type" : "RX", "claim_amt" : 39.44092839803375 } ] }
{ "_id" : 37, "mbr_name" : "Meagan Oakes", "coverages" : [ { "type" : "MED", "claim_amt" : 86.06759716616264 }, { "type" : "DEN", "claim_amt" : 79.45097452834857 }, { "type" : "VIS", "claim_amt" : 28.41090281547689 }, { "type" : "RX", "claim_amt" : 25.31831395970249 } ] }
{ "_id" : 38, "mbr_name" : "Richelle Siemers", "coverages" : [ { "type" : "MED", "claim_amt" : 34.64373397163318 }, { "type" : "DEN", "claim_amt" : 91.46799649446983 }, { "type" : "VIS", "claim_amt" : 31.74461197651704 }, { "type" : "RX", "claim_amt" : 56.12615074082559 } ] }
{ "_id" : 39, "mbr_name" : "Mariette Batdorf", "coverages" : [ { "type" : "MED", "claim_amt" : 0.04381116979284005 }, { "type" : "DEN", "claim_amt" : 90.25774974259562 }, { "type" : "VIS", "claim_amt" : 65.88612319625227 }, { "type" : "RX", "claim_amt" : 16.40598305673743 } ] }
{ "_id" : 40, "mbr_name" : "Rachell Aman", "coverages" : [ { "type" : "MED", "claim_amt" : 84.53009035375172 }, { "type" : "DEN", "claim_amt" : 25.25568126160764 }, { "type" : "VIS", "claim_amt" : 38.61623256739443 }, { "type" : "RX", "claim_amt" : 70.42062575402956 } ] }
{ "_id" : 41, "mbr_name" : "Aleida Elsass", "coverages" : [ { "type" : "MED", "claim_amt" : 28.02518041693717 }, { "type" : "DEN", "claim_amt" : 95.25243105389065 }, { "type" : "VIS", "claim_amt" : 68.05980405338909 }, { "type" : "RX", "claim_amt" : 19.39841999081942 } ] }
{ "_id" : 42, "mbr_name" : "Kayce Kenyon", "coverages" : [ { "type" : "MED", "claim_amt" : 44.62441703708117 }, { "type" : "DEN", "claim_amt" : 27.38208798553111 }, { "type" : "VIS", "claim_amt" : 97.43587143437509 }, { "type" : "RX", "claim_amt" : 56.66014675388287 } ] }
{ "_id" : 43, "mbr_name" : "Ernestine Macfarland", "coverages" : [ { "type" : "MED", "claim_amt" : 15.29147856258362 }, { "type" : "DEN", "claim_amt" : 78.40698797039501 }, { "type" : "VIS", "claim_amt" : 31.03031764716336 }, { "type" : "RX", "claim_amt" : 0.7058771516102902 } ] }
{ "_id" : 44, "mbr_name" : "Houston Valenti", "coverages" : [ { "type" : "MED", "claim_amt" : 98.06441387027331 }, { "type" : "DEN", "claim_amt" : 0.8760893342659504 }, { "type" : "VIS", "claim_amt" : 15.2177618920215 }, { "type" : "RX", "claim_amt" : 11.33991806278614 } ] }
{ "_id" : 45, "mbr_name" : "Terica Brugger", "coverages" : [ { "type" : "MED", "claim_amt" : 42.1011312120801 }, { "type" : "DEN", "claim_amt" : 41.73654145887228 }, { "type" : "VIS", "claim_amt" : 13.3625292343721 }, { "type" : "RX", "claim_amt" : 18.91287189072117 } ] }
{ "_id" : 46, "mbr_name" : "Lady Lefevers", "coverages" : [ { "type" : "MED", "claim_amt" : 16.89237820123443 }, { "type" : "DEN", "claim_amt" : 65.97505910406456 }, { "type" : "VIS", "claim_amt" : 48.42527123437286 }, { "type" : "RX", "claim_amt" : 21.7574602601663 } ] }
{ "_id" : 47, "mbr_name" : "Kurtis Jiles", "coverages" : [ { "type" : "MED", "claim_amt" : 92.96916908741805 }, { "type" : "DEN", "claim_amt" : 22.86854192921203 }, { "type" : "VIS", "claim_amt" : 12.10418920555013 }, { "type" : "RX", "claim_amt" : 31.89793879453222 } ] }
{ "_id" : 48, "mbr_name" : "Barbera Lippman", "coverages" : [ { "type" : "MED", "claim_amt" : 35.43490750932609 }, { "type" : "DEN", "claim_amt" : 97.42074160188449 }, { "type" : "VIS", "claim_amt" : 64.33897612104403 }, { "type" : "RX", "claim_amt" : 74.1092960902528 } ] }
{ "_id" : 49, "mbr_name" : "Dinah Sauve", "coverages" : [ { "type" : "MED", "claim_amt" : 96.64807532447064 }, { "type" : "DEN", "claim_amt" : 14.56470882270576 }, { "type" : "VIS", "claim_amt" : 72.00519420743191 }, { "type" : "RX", "claim_amt" : 68.40650882547841 } ] }
{ "_id" : 50, "mbr_name" : "Alica Pasley", "coverages" : [ { "type" : "MED", "claim_amt" : 19.38544736721771 }, { "type" : "DEN", "claim_amt" : 88.70752686639557 }, { "type" : "VIS", "claim_amt" : 60.62755218680213 }, { "type" : "RX", "claim_amt" : 51.04001259232448 } ] }
{ "_id" : 51, "mbr_name" : "Elizabet Kleine", "coverages" : [ { "type" : "MED", "claim_amt" : 86.81245449846962 }, { "type" : "DEN", "claim_amt" : 36.196443334522 }, { "type" : "VIS", "claim_amt" : 77.94001750905642 }, { "type" : "RX", "claim_amt" : 14.07686094256286 } ] }
{ "_id" : 52, "mbr_name" : "Tawana Oberg", "coverages" : [ { "type" : "MED", "claim_amt" : 80.59006098671075 }, { "type" : "DEN", "claim_amt" : 93.28438118988183 }, { "type" : "VIS", "claim_amt" : 93.12134003887978 }, { "type" : "RX", "claim_amt" : 68.64511133845058 } ] }
{ "_id" : 53, "mbr_name" : "Malisa Jeanes", "coverages" : [ { "type" : "MED", "claim_amt" : 33.44580005842922 }, { "type" : "DEN", "claim_amt" : 7.172746439960975 }, { "type" : "VIS", "claim_amt" : 80.53328849494751 }, { "type" : "RX", "claim_amt" : 61.9194866926309 } ] }
{ "_id" : 54, "mbr_name" : "Joel Rueter", "coverages" : [ { "type" : "MED", "claim_amt" : 87.53636893952853 }, { "type" : "DEN", "claim_amt" : 92.70974674256513 }, { "type" : "VIS", "claim_amt" : 61.79032586247813 }, { "type" : "RX", "claim_amt" : 2.926650636099537 } ] }
{ "_id" : 55, "mbr_name" : "Tresa Sinha", "coverages" : [ { "type" : "MED", "claim_amt" : 94.93136959210354 }, { "type" : "DEN", "claim_amt" : 72.32226123565266 }, { "type" : "VIS", "claim_amt" : 4.988845385625684 }, { "type" : "RX", "claim_amt" : 77.24876881176699 } ] }
{ "_id" : 56, "mbr_name" : "Danika Loeffler", "coverages" : [ { "type" : "MED", "claim_amt" : 21.54531707142236 }, { "type" : "DEN", "claim_amt" : 41.75962115078149 }, { "type" : "VIS", "claim_amt" : 4.923819407716035 }, { "type" : "RX", "claim_amt" : 55.70195462204016 } ] }
{ "_id" : 57, "mbr_name" : "Chad Rahe", "coverages" : [ { "type" : "MED", "claim_amt" : 40.84572027366789 }, { "type" : "DEN", "claim_amt" : 29.22733629679561 }, { "type" : "VIS", "claim_amt" : 93.12112348179406 }, { "type" : "RX", "claim_amt" : 27.06916803280036 } ] }
{ "_id" : 58, "mbr_name" : "Joaquina Arbuckle", "coverages" : [ { "type" : "MED", "claim_amt" : 28.66671659815553 }, { "type" : "DEN", "claim_amt" : 40.48858382583742 }, { "type" : "VIS", "claim_amt" : 51.51393116681172 }, { "type" : "RX", "claim_amt" : 9.965515162346817 } ] }
{ "_id" : 59, "mbr_name" : "Vinnie Auerbach", "coverages" : [ { "type" : "MED", "claim_amt" : 95.45508256300009 }, { "type" : "DEN", "claim_amt" : 7.512188017365151 }, { "type" : "VIS", "claim_amt" : 28.5905754294006 }, { "type" : "RX", "claim_amt" : 23.91300715707971 } ] }
{ "_id" : 60, "mbr_name" : "Dusti Lemmond", "coverages" : [ { "type" : "MED", "claim_amt" : 17.27725327681863 }, { "type" : "DEN", "claim_amt" : 83.24439414725833 }, { "type" : "VIS", "claim_amt" : 81.84258722611811 }, { "type" : "RX", "claim_amt" : 24.70433764307496 } ] }
{ "_id" : 61, "mbr_name" : "Grady Zemke", "coverages" : [ { "type" : "MED", "claim_amt" : 51.91561300267121 }, { "type" : "DEN", "claim_amt" : 50.08349374829509 }, { "type" : "VIS", "claim_amt" : 95.34139273570386 }, { "type" : "RX", "claim_amt" : 34.13252938412605 } ] }
{ "_id" : 62, "mbr_name" : "Vina Matsunaga", "coverages" : [ { "type" : "MED", "claim_amt" : 51.38190070034149 }, { "type" : "DEN", "claim_amt" : 34.63479282877322 }, { "type" : "VIS", "claim_amt" : 46.27059093183421 }, { "type" : "RX", "claim_amt" : 19.16579262350994 } ] }
{ "_id" : 63, "mbr_name" : "Rubie Winton", "coverages" : [ { "type" : "MED", "claim_amt" : 7.176062073558509 }, { "type" : "DEN", "claim_amt" : 46.32426882511162 }, { "type" : "VIS", "claim_amt" : 19.24312817599633 }, { "type" : "RX", "claim_amt" : 0.6444077420911576 } ] }
{ "_id" : 64, "mbr_name" : "Whitley Fears", "coverages" : [ { "type" : "MED", "claim_amt" : 89.61845831842888 }, { "type" : "DEN", "claim_amt" : 82.44879156010508 }, { "type" : "VIS", "claim_amt" : 92.2308421188758 }, { "type" : "RX", "claim_amt" : 96.57912148645883 } ] }
{ "_id" : 65, "mbr_name" : "Gena Riccio", "coverages" : [ { "type" : "MED", "claim_amt" : 67.58395308948619 }, { "type" : "DEN", "claim_amt" : 67.24135009515879 }, { "type" : "VIS", "claim_amt" : 42.93471779899529 }, { "type" : "RX", "claim_amt" : 30.12776583664075 } ] }
{ "_id" : 66, "mbr_name" : "Kim Xu", "coverages" : [ { "type" : "MED", "claim_amt" : 19.96531774799065 }, { "type" : "DEN", "claim_amt" : 17.52966217224916 }, { "type" : "VIS", "claim_amt" : 49.42403230686458 }, { "type" : "RX", "claim_amt" : 57.32983091095816 } ] }
{ "_id" : 67, "mbr_name" : "Merissa Mann", "coverages" : [ { "type" : "MED", "claim_amt" : 75.1949733626123 }, { "type" : "DEN", "claim_amt" : 52.56522605123723 }, { "type" : "VIS", "claim_amt" : 83.8722548112793 }, { "type" : "RX", "claim_amt" : 94.67518167209815 } ] }
{ "_id" : 68, "mbr_name" : "Jenise Mcguffie", "coverages" : [ { "type" : "MED", "claim_amt" : 40.15210496060384 }, { "type" : "DEN", "claim_amt" : 90.60219950183566 }, { "type" : "VIS", "claim_amt" : 23.21791929422224 }, { "type" : "RX", "claim_amt" : 51.58720341010564 } ] }
{ "_id" : 69, "mbr_name" : "Cody Strouth", "coverages" : [ { "type" : "MED", "claim_amt" : 4.784730508547719 }, { "type" : "DEN", "claim_amt" : 99.80348240553108 }, { "type" : "VIS", "claim_amt" : 25.57926736852058 }, { "type" : "RX", "claim_amt" : 97.89665889862901 } ] }
{ "_id" : 70, "mbr_name" : "Harriett Velarde", "coverages" : [ { "type" : "MED", "claim_amt" : 33.7733570443736 }, { "type" : "DEN", "claim_amt" : 96.05228578589255 }, { "type" : "VIS", "claim_amt" : 46.24926696413032 }, { "type" : "RX", "claim_amt" : 21.38522866276249 } ] }
{ "_id" : 71, "mbr_name" : "Kam Senters", "coverages" : [ { "type" : "MED", "claim_amt" : 81.56497719010976 }, { "type" : "DEN", "claim_amt" : 5.247410853581524 }, { "type" : "VIS", "claim_amt" : 92.10078400854972 }, { "type" : "RX", "claim_amt" : 55.4770385973351 } ] }
{ "_id" : 72, "mbr_name" : "Leonida Lafond", "coverages" : [ { "type" : "MED", "claim_amt" : 92.10605086888438 }, { "type" : "DEN", "claim_amt" : 32.66022211621239 }, { "type" : "VIS", "claim_amt" : 38.22914395140913 }, { "type" : "RX", "claim_amt" : 82.15588797092647 } ] }
{ "_id" : 73, "mbr_name" : "Devorah Smartt", "coverages" : [ { "type" : "MED", "claim_amt" : 69.60160495436016 }, { "type" : "DEN", "claim_amt" : 6.931507591998553 }, { "type" : "VIS", "claim_amt" : 55.66005349294464 }, { "type" : "RX", "claim_amt" : 40.18626524256411 } ] }
{ "_id" : 74, "mbr_name" : "Leola Lundin", "coverages" : [ { "type" : "MED", "claim_amt" : 31.62936464207764 }, { "type" : "DEN", "claim_amt" : 91.28658941188532 }, { "type" : "VIS", "claim_amt" : 23.95163257932222 }, { "type" : "RX", "claim_amt" : 93.71671632774428 } ] }
{ "_id" : 75, "mbr_name" : "Tonia Surace", "coverages" : [ { "type" : "MED", "claim_amt" : 80.93655069496523 }, { "type" : "DEN", "claim_amt" : 79.54620208144452 }, { "type" : "VIS", "claim_amt" : 27.51843538237827 }, { "type" : "RX", "claim_amt" : 41.34308724166419 } ] }
{ "_id" : 76, "mbr_name" : "Adrien Renda", "coverages" : [ { "type" : "MED", "claim_amt" : 57.24794864351232 }, { "type" : "DEN", "claim_amt" : 19.5118228072558 }, { "type" : "VIS", "claim_amt" : 59.50508603413107 }, { "type" : "RX", "claim_amt" : 70.71043448913191 } ] }
{ "_id" : 77, "mbr_name" : "Efrain Claw", "coverages" : [ { "type" : "MED", "claim_amt" : 55.41266579085205 }, { "type" : "DEN", "claim_amt" : 31.30359328252952 }, { "type" : "VIS", "claim_amt" : 82.03870199947903 }, { "type" : "RX", "claim_amt" : 88.73134194093676 } ] }
{ "_id" : 78, "mbr_name" : "Len Treiber", "coverages" : [ { "type" : "MED", "claim_amt" : 21.21850173315791 }, { "type" : "DEN", "claim_amt" : 13.2282768150266 }, { "type" : "VIS", "claim_amt" : 16.68695227176766 }, { "type" : "RX", "claim_amt" : 82.49842801247594 } ] }
{ "_id" : 79, "mbr_name" : "Mariela Sherer", "coverages" : [ { "type" : "MED", "claim_amt" : 61.20158144877323 }, { "type" : "DEN", "claim_amt" : 52.75657259917104 }, { "type" : "VIS", "claim_amt" : 63.95107452142731 }, { "type" : "RX", "claim_amt" : 90.97004773806381 } ] }
{ "_id" : 80, "mbr_name" : "Echo Pippins", "coverages" : [ { "type" : "MED", "claim_amt" : 27.77924608896123 }, { "type" : "DEN", "claim_amt" : 85.1861976198818 }, { "type" : "VIS", "claim_amt" : 75.62132497619177 }, { "type" : "RX", "claim_amt" : 92.50671800180454 } ] }
{ "_id" : 81, "mbr_name" : "Linnie Weigel", "coverages" : [ { "type" : "MED", "claim_amt" : 66.0349256424749 }, { "type" : "DEN", "claim_amt" : 67.57096025532985 }, { "type" : "VIS", "claim_amt" : 28.82283586295377 }, { "type" : "RX", "claim_amt" : 38.33608066073369 } ] }
{ "_id" : 82, "mbr_name" : "Santiago Dollins", "coverages" : [ { "type" : "MED", "claim_amt" : 33.48242310776701 }, { "type" : "DEN", "claim_amt" : 60.49199094204558 }, { "type" : "VIS", "claim_amt" : 75.58039801610906 }, { "type" : "RX", "claim_amt" : 87.02564768982076 } ] }
{ "_id" : 83, "mbr_name" : "Tonisha Games", "coverages" : [ { "type" : "MED", "claim_amt" : 29.13833807032966 }, { "type" : "DEN", "claim_amt" : 35.25054111123917 }, { "type" : "VIS", "claim_amt" : 66.73047056293319 }, { "type" : "RX", "claim_amt" : 20.04018866516366 } ] }
{ "_id" : 84, "mbr_name" : "Timothy Harrod", "coverages" : [ { "type" : "MED", "claim_amt" : 93.23020013495737 }, { "type" : "DEN", "claim_amt" : 49.06010347848443 }, { "type" : "VIS", "claim_amt" : 74.00788699415295 }, { "type" : "RX", "claim_amt" : 43.46258375716373 } ] }
{ "_id" : 85, "mbr_name" : "Rae Kohout", "coverages" : [ { "type" : "MED", "claim_amt" : 63.86894250781692 }, { "type" : "DEN", "claim_amt" : 55.81549538273672 }, { "type" : "VIS", "claim_amt" : 59.13566011309437 }, { "type" : "RX", "claim_amt" : 5.956241581565125 } ] }
{ "_id" : 86, "mbr_name" : "Brain Lachapelle", "coverages" : [ { "type" : "MED", "claim_amt" : 2.013473187690951 }, { "type" : "DEN", "claim_amt" : 45.01802394825918 }, { "type" : "VIS", "claim_amt" : 63.74658824265818 }, { "type" : "RX", "claim_amt" : 88.04712649447521 } ] }
{ "_id" : 87, "mbr_name" : "Toshiko Sabella", "coverages" : [ { "type" : "MED", "claim_amt" : 21.05570509531929 }, { "type" : "DEN", "claim_amt" : 26.43387483146958 }, { "type" : "VIS", "claim_amt" : 18.96368757115227 }, { "type" : "RX", "claim_amt" : 42.80331214002496 } ] }
{ "_id" : 88, "mbr_name" : "Keesha Papadopoulos", "coverages" : [ { "type" : "MED", "claim_amt" : 82.35397321850031 }, { "type" : "DEN", "claim_amt" : 3.064361273717464 }, { "type" : "VIS", "claim_amt" : 98.46867828216399 }, { "type" : "RX", "claim_amt" : 92.99045377889979 } ] }
{ "_id" : 89, "mbr_name" : "Cassi Heal", "coverages" : [ { "type" : "MED", "claim_amt" : 43.04310994985133 }, { "type" : "DEN", "claim_amt" : 0.006247360551892012 }, { "type" : "VIS", "claim_amt" : 63.88558436723092 }, { "type" : "RX", "claim_amt" : 14.78122510144431 } ] }
{ "_id" : 90, "mbr_name" : "Osvaldo Hirt", "coverages" : [ { "type" : "MED", "claim_amt" : 67.44931456608883 }, { "type" : "DEN", "claim_amt" : 41.77986504201782 }, { "type" : "VIS", "claim_amt" : 76.30879472084027 }, { "type" : "RX", "claim_amt" : 63.0968728899343 } ] }
{ "_id" : 91, "mbr_name" : "Ty Barbieri", "coverages" : [ { "type" : "MED", "claim_amt" : 38.43781607953586 }, { "type" : "DEN", "claim_amt" : 95.70340794272111 }, { "type" : "VIS", "claim_amt" : 72.80272364761178 }, { "type" : "RX", "claim_amt" : 18.65883614099724 } ] }
{ "_id" : 92, "mbr_name" : "Ta Sikorski", "coverages" : [ { "type" : "MED", "claim_amt" : 30.02140506101446 }, { "type" : "DEN", "claim_amt" : 23.89164976236439 }, { "type" : "VIS", "claim_amt" : 31.70116444848026 }, { "type" : "RX", "claim_amt" : 61.82907698626848 } ] }
{ "_id" : 93, "mbr_name" : "Lucinda Vanderburg", "coverages" : [ { "type" : "MED", "claim_amt" : 27.55843343656866 }, { "type" : "DEN", "claim_amt" : 11.45699271327768 }, { "type" : "VIS", "claim_amt" : 75.53546873615787 }, { "type" : "RX", "claim_amt" : 3.316018745342064 } ] }
{ "_id" : 94, "mbr_name" : "Darby Wass", "coverages" : [ { "type" : "MED", "claim_amt" : 6.867644836612586 }, { "type" : "DEN", "claim_amt" : 63.4908039680606 }, { "type" : "VIS", "claim_amt" : 85.41865347441522 }, { "type" : "RX", "claim_amt" : 26.82623527074511 } ] }
{ "_id" : 95, "mbr_name" : "Omar Bowdoin", "coverages" : [ { "type" : "MED", "claim_amt" : 8.58858127638702 }, { "type" : "DEN", "claim_amt" : 88.40377630359677 }, { "type" : "RX", "claim_amt" : 25.71387474240768 }, { "type" : "VIS", "claim_amt" : 23.73786528217532 } ] }
{ "_id" : 96, "mbr_name" : "Milan Mcgavock", "coverages" : [ { "type" : "MED", "claim_amt" : 69.11554341921843 }, { "type" : "DEN", "claim_amt" : 10.2027724707151 }, { "type" : "VIS", "claim_amt" : 2.815944526266023 }, { "type" : "RX", "claim_amt" : 24.87545552041663 } ] }
{ "_id" : 97, "mbr_name" : "Maren Scheider", "coverages" : [ { "type" : "MED", "claim_amt" : 94.4329121733663 }, { "type" : "DEN", "claim_amt" : 77.28263690107663 }, { "type" : "VIS", "claim_amt" : 6.872536184428357 }, { "type" : "RX", "claim_amt" : 59.46326216544371 } ] }
{ "_id" : 98, "mbr_name" : "Carli Ector", "coverages" : [ { "type" : "MED", "claim_amt" : 88.18040268522668 }, { "type" : "DEN", "claim_amt" : 60.3111085581054 }, { "type" : "VIS", "claim_amt" : 10.27537091986367 }, { "type" : "RX", "claim_amt" : 96.33612053785647 } ] }
{ "_id" : 99, "mbr_name" : "Jaclyn Morado", "coverages" : [ { "type" : "MED", "claim_amt" : 70.27627082122453 }, { "type" : "DEN", "claim_amt" : 56.78470387064279 }, { "type" : "VIS", "claim_amt" : 21.74758014553796 }, { "type" : "RX", "claim_amt" : 47.48518298423097 } ] }
{ "_id" : 100, "mbr_name" : "Demarcus Audette", "coverages" : [ { "type" : "MED", "claim_amt" : 47.42608580155614 }, { "type" : "DEN", "claim_amt" : 44.83416623719906 }, { "type" : "VIS", "claim_amt" : 19.85604968544429 }, { "type" : "RX", "claim_amt" : 39.01726616178844 } ] }
{ "_id" : 101, "mbr_name" : "Tania Hulett", "coverages" : [ { "type" : "MED", "claim_amt" : 21.84617015735916 }, { "type" : "DEN", "claim_amt" : 53.8568257735492 }, { "type" : "VIS", "claim_amt" : 14.77762216150431 }, { "type" : "RX", "claim_amt" : 79.60533635579307 } ] }
{ "_id" : 102, "mbr_name" : "Mercedez Garduno", "coverages" : [ { "type" : "MED", "claim_amt" : 49.52877007656483 }, { "type" : "DEN", "claim_amt" : 44.55505066212384 }, { "type" : "VIS", "claim_amt" : 12.14582444697345 }, { "type" : "RX", "claim_amt" : 81.50869746632009 } ] }
{ "_id" : 103, "mbr_name" : "Fleta Duplantis", "coverages" : [ { "type" : "MED", "claim_amt" : 84.37799696030743 }, { "type" : "DEN", "claim_amt" : 15.95792143439528 }, { "type" : "VIS", "claim_amt" : 77.80745176713172 }, { "type" : "RX", "claim_amt" : 14.24113076894851 } ] }
{ "_id" : 104, "mbr_name" : "Brittny Warwick", "coverages" : [ { "type" : "MED", "claim_amt" : 69.54399888097534 }, { "type" : "DEN", "claim_amt" : 82.00469934215849 }, { "type" : "VIS", "claim_amt" : 27.31675193678847 }, { "type" : "RX", "claim_amt" : 95.96446106607902 } ] }
{ "_id" : 105, "mbr_name" : "Shin Allbright", "coverages" : [ { "type" : "MED", "claim_amt" : 62.28388941877533 }, { "type" : "DEN", "claim_amt" : 85.26863799439475 }, { "type" : "VIS", "claim_amt" : 88.9947941542333 }, { "type" : "RX", "claim_amt" : 52.68629677727286 } ] }
{ "_id" : 106, "mbr_name" : "Karry Petrarca", "coverages" : [ { "type" : "MED", "claim_amt" : 3.677125771067413 }, { "type" : "DEN", "claim_amt" : 40.39799056667404 }, { "type" : "VIS", "claim_amt" : 14.38347127905983 }, { "type" : "RX", "claim_amt" : 0.3398440134644742 } ] }
{ "_id" : 107, "mbr_name" : "Beckie Millington", "coverages" : [ { "type" : "MED", "claim_amt" : 69.52419218194589 }, { "type" : "DEN", "claim_amt" : 24.85411404016219 }, { "type" : "VIS", "claim_amt" : 34.92039455520659 }, { "type" : "RX", "claim_amt" : 29.82403628902139 } ] }
{ "_id" : 108, "mbr_name" : "Mikaela Meidinger", "coverages" : [ { "type" : "MED", "claim_amt" : 63.75595052560389 }, { "type" : "DEN", "claim_amt" : 59.52298111997963 }, { "type" : "VIS", "claim_amt" : 88.66481441499843 }, { "type" : "RX", "claim_amt" : 0.08157369764142386 } ] }
{ "_id" : 109, "mbr_name" : "Flora Duell", "coverages" : [ { "type" : "MED", "claim_amt" : 40.68238966626067 }, { "type" : "DEN", "claim_amt" : 46.77972040308903 }, { "type" : "VIS", "claim_amt" : 65.90098502289938 }, { "type" : "RX", "claim_amt" : 69.29400057020965 } ] }
{ "_id" : 110, "mbr_name" : "Nobuko Linzey", "coverages" : [ { "type" : "MED", "claim_amt" : 67.40792606687442 }, { "type" : "DEN", "claim_amt" : 58.58331128403415 }, { "type" : "VIS", "claim_amt" : 47.44831568815929 }, { "type" : "RX", "claim_amt" : 19.27081566886746 } ] }
{ "_id" : 111, "mbr_name" : "Gennie Ratner", "coverages" : [ { "type" : "MED", "claim_amt" : 62.74309964110307 }, { "type" : "DEN", "claim_amt" : 92.18013849235186 }, { "type" : "RX", "claim_amt" : 34.50565589246531 }, { "type" : "VIS", "claim_amt" : 53.11174468047395 } ] }
{ "_id" : 112, "mbr_name" : "Myrtle Wolfinger", "coverages" : [ { "type" : "MED", "claim_amt" : 73.93895528856032 }, { "type" : "DEN", "claim_amt" : 35.99397009906073 }, { "type" : "RX", "claim_amt" : 93.85826506506328 }, { "type" : "VIS", "claim_amt" : 71.21962876453497 } ] }
{ "_id" : 113, "mbr_name" : "", "coverages" : [ { "type" : "MED", "claim_amt" : 77.57315913088024 }, { "type" : "DEN", "claim_amt" : 13.28135073340091 }, { "type" : "VIS", "claim_amt" : 67.27527802263116 }, { "type" : "RX", "claim_amt" : 55.74198976046431 } ] }
{ "_id" : 114, "mbr_name" : "aimee Zank", "coverages" : [ { "type" : "MED", "claim_amt" : 15.91636686717778 }, { "type" : "DEN", "claim_amt" : 96.12953798826392 }, { "type" : "VIS", "claim_amt" : 18.92628947700149 }, { "type" : "RX", "claim_amt" : 18.52035674134503 } ] }
{ "_id" : 115, "mbr_name" : "Aurelia Menendez", "coverages" : [ { "type" : "MED", "claim_amt" : 5.105728872755167 }, { "type" : "DEN", "claim_amt" : 7.375913405784407 }, { "type" : "VIS", "claim_amt" : 19.64468598879037 }, { "type" : "RX", "claim_amt" : 92.62414866541212 } ] }
{ "_id" : 116, "mbr_name" : "Corliss Zuk", "coverages" : [ { "type" : "MED", "claim_amt" : 76.45468797439878 }, { "type" : "DEN", "claim_amt" : 53.02642890026489 }, { "type" : "VIS", "claim_amt" : 91.86573111689813 }, { "type" : "RX", "claim_amt" : 72.54824624119813 } ] }
{ "_id" : 117, "mbr_name" : "Bao Ziglar", "coverages" : [ { "type" : "MED", "claim_amt" : 37.22753032391262 }, { "type" : "DEN", "claim_amt" : 52.75139192596129 }, { "type" : "VIS", "claim_amt" : 64.06863625194231 }, { "type" : "RX", "claim_amt" : 33.15177269905534 } ] }
{ "_id" : 118, "mbr_name" : "Zachary Langlais", "coverages" : [ { "type" : "MED", "claim_amt" : 62.20457822364115 }, { "type" : "DEN", "claim_amt" : 61.03733414415722 }, { "type" : "VIS", "claim_amt" : 8.548735651522431 }, { "type" : "RX", "claim_amt" : 82.41688205392703 } ] }
{ "_id" : 119, "mbr_name" : "Wilburn Spiess", "coverages" : [ { "type" : "MED", "claim_amt" : 52.36963021569788 }, { "type" : "DEN", "claim_amt" : 96.5715450678789 }, { "type" : "VIS", "claim_amt" : 61.35034001494281 }, { "type" : "RX", "claim_amt" : 28.10477578379966 } ] }